Clip ID,Time created,Title,Video ID 1,Start time 1,Duration 1
UgkxP96c-4fNTYOSvdyiTfedrxx8-RRihFH4,2023-09-27T14:35:41.209757+00:00,"{""text"":""d""}",vPn9zXulp2Q,3.67 min,15 s
UgkxXswUFQmFaOtexuDgpbfz7bNPHYNU8god,2023-09-27T14:29:48.147937+00:00,"{""text"":""🚀🚀""}",vPn9zXulp2Q,3.46 min,15 s
Ugkx13-qM60OvypUPU3X2PDBQgbDiYd8m9ny,2023-07-07T11:44:03.258385+00:00,"{""text"":""👑""}",2ZnmlTyxOVs,0,28.6 s
UgkxNNkkhQoTMiF2UtO0yYgUDJuBHXKlWA6b,2023-03-02T13:43:54.159525+00:00,"{""text"":""😂😂""}",Hp_rQyCkULM,1.21 h,23.5 s
Ugkx8EpiXp3BKCgDEwUDqIDPL7Vfgsx3-HHh,2023-03-02T13:43:14.056058+00:00,"{""text"":""hi isha kaha 😂😂""}",Hp_rQyCkULM,1.2 h,16.4 s
UgkxGnRdoLmlPUL5lyW-mHBL_YB1kfD8k8Z2,2023-03-02T13:36:24.557438+00:00,"{""text"":""😂😂""}",Hp_rQyCkULM,1.38 h,25.4 s
UgkxcMJsLVAqkUPBrrWLS-OYhcZ9jxpweb2o,2023-03-02T13:35:44.271024+00:00,"{""text"":""😂""}",Hp_rQyCkULM,1.38 h,27.7 s
UgzOGbxWp6XNIkpqRPJ4AaABCQ,2021-04-07T08:57:26.623015+00:00,"{""text"":""op""}",z2bMp86MxVM,2.91 h,15 s
Ugw1-g_f-gEC3maGYSV4AaABCQ,2021-04-07T08:57:25.50704+00:00,"{""text"":""op""}",z2bMp86MxVM,2.91 h,15 s
UgzEiOpWd0rNN8TXS0J4AaABCQ,2021-04-07T08:57:24.905172+00:00,"{""text"":""op""}",z2bMp86MxVM,2.91 h,15 s





