Video ID,Song Title,Album Title,Artist Name 1,Artist Name 2,Artist Name 3
AFZtq1Mb9M8,Aisi Laal Tujh Bin Kaun Kare,Baani Bhagat Ravidas Ji,Bhai Nirmal Singh Ji,,
isCubDoUebc,Alone,Alone,Real Boss,,
maS-xgLnWIc,Aphrodite,A for Arjan 2,Arjan Dhillon,Mxrci,
lTd0u5H5F2E,,,,,
j6oeEyDMUpk,Drippy,Drippy,Sidhu Moose Wala,Mxrci,AR Paisley
ub9ww1WUHx0,Goat,,Sidhu Moose Wala,,
TgJUlEnm-OY,⁠Haseen,A for Arjan 2,Arjan Dhillon,Jyoti Nooran,Mxrci
kiYxhtWpjtI,Kavita,Shikhar,Arjan Dhillon,,
h8Gjowa2fEA,Lock,Lock,Sidhu Moose Wala,The Kidd,
SaYiKPxkRuo,Love Gone,A for Arjan 2,Arjan Dhillon,Mxrci,
pPN-BQZv1M8,Marjana,A for Arjan 2,Arjan Dhillon,Opi Music,
wUg0-WOcDJ8,My Heart Go,A for Arjan 2,Arjan Dhillon,Mxrci,
MHW90zojTcI,Paapi (Drill Beat),Paapi (Drill Beat),Sidhu Moose Wala,,
WC7UTfWVuAU,Pakka Ghar,Shikhar,Arjan Dhillon,,
vgkhaDVE9XI,,,,,
CdgqXGtW4lw,Why Arjan,Awara,Arjan Dhillon,,





