Comment ID,Channel ID,Comment create timestamp,Price,Parent comment ID,Post ID,Video ID,Comment text,Top-level comment ID
UgzSn3SgOxz7Of6TNoV4AaABAg,UC-3fVpoDor2rcvXBjD9t_GA,2025-11-30T13:14:38.296087+00:00,0,,,tHVDy4vYApA,"{""text"":""❤""}",
Ugxsu1OINs8X7P5F1Sx4AaABAg,UC-3fVpoDor2rcvXBjD9t_GA,2025-11-28T18:20:17.114577+00:00,0,,,tHVDy4vYApA,"{""text"":""❤""}",
UgwD0HptiC-rDSz0ku94AaABAg,UC-3fVpoDor2rcvXBjD9t_GA,2025-10-26T14:01:04.928386+00:00,0,,,NrZ-DJxbj1M,"{""text"":""mai ajj kush vdia dekhya haiiiiiii✌✌""}",
UgzIcTbiHyCr-xERc-J4AaABAg,UC-3fVpoDor2rcvXBjD9t_GA,2025-06-18T05:39:53.91485+00:00,0,,,MQ3k2xltUfU,"{""text"":""😘😘😘""}",
UgzmqVTweus2UQ_oxPR4AaABAg.AFjIr2h-E4cAGhnrTIAt1U,UC-3fVpoDor2rcvXBjD9t_GA,2025-04-09T20:20:24.793874+00:00,0,UgzmqVTweus2UQ_oxPR4AaABAg,,aWzkOgo_pq4,"{""text"":""Nah bro 🫩""}",UgzmqVTweus2UQ_oxPR4AaABAg
UgwJo48aY1g7iqPUtw54AaABAg,UC-3fVpoDor2rcvXBjD9t_GA,2025-03-03T12:11:22.385434+00:00,0,,,9VFmlSstkBo,"{""text"":""4:39"",""videoLink"":{""externalVideoId"":""9VFmlSstkBo"",""startTimeSeconds"":279}},{""text"":""  mai kyo lvaa mankirat cr le skda""}",
UgwJVcLIixCsYZHt3x14AaABAg,UC-3fVpoDor2rcvXBjD9t_GA,2024-08-30T09:57:01.152974+00:00,0,,,t14j6XVGCSo,"{""text"":""Moose💥💥💥💥💥""}",
UgyLHcmjW8aQDtCdzLl4AaABAg,UC-3fVpoDor2rcvXBjD9t_GA,2024-07-13T10:57:18.037086+00:00,0,,,uYayMXabt_g,"{""text"":""Missed a chance to write \""maid in India\""""}",
UgyOd_p5jCbtVEi4Ft54AaABAg.A3f23ZvzjHzA5IzPpKlNpI,UC-3fVpoDor2rcvXBjD9t_GA,2024-06-30T09:55:46.314769+00:00,0,UgyOd_p5jCbtVEi4Ft54AaABAg,,bXZUzXYRJyY,"{""text"":""180 k around""}",UgyOd_p5jCbtVEi4Ft54AaABAg
UgxO6XsYPIpHZBxWTTJ4AaABAg,UC-3fVpoDor2rcvXBjD9t_GA,2024-05-29T05:28:23.442973+00:00,0,,, -SlFHbZ28s8,"{""text"":""Price""}",
UgymTgLMT0rhRrrulr94AaABAg,UC-3fVpoDor2rcvXBjD9t_GA,2024-05-14T07:11:31.79072+00:00,0,,,Bwqra3e51vk,"{""text"":""Bai aa fake ja angreji accent na kriya kr please bahut bhaida lagda""}",
Ugy1bPrdED67jOEw8IV4AaABAg,UC-3fVpoDor2rcvXBjD9t_GA,2024-05-11T06:36:54.278088+00:00,0,,,kVWC4bfiwb4,"{""text"":""Bai aa fake ja angreji accent na kriya kr please bahut bhaida lagda punjabi hi shi aa""}",
Ugwl0iKksuj0b284-Jh4AaABAg,UC-3fVpoDor2rcvXBjD9t_GA,2024-03-14T04:07:30.707022+00:00,0,,,KYht4IkPafc,"{""text"":""Ik hor FUN FACT ELVISH TE MAXTERN DI IK MUSIC VIDEO DA TRAILER VI AA GYA RAO SAHAB ROLLIL  😂😂""}",
UgxGIddComlzc-P2dZZ4AaABAg,UC-3fVpoDor2rcvXBjD9t_GA,2023-08-04T05:37:12.88252+00:00,0,,,Fr-97irpIUg,"{""text"":""@s8uladi""}",
UgxFYqIxrVn4Dv9LlPZ4AaABAg,UC-3fVpoDor2rcvXBjD9t_GA,2023-07-15T13:59:40.245042+00:00,0,,,IxZZJRH-m-o,"{""text"":""❤❤""}",
Ugx6hB79fLaFQ7Qjc2d4AaABAg,UC-3fVpoDor2rcvXBjD9t_GA,2023-04-07T17:11:43.420141+00:00,0,,,jaVdD4Z8UCs,"{""text"":""Utte dekh utte kon 🚀""}",
UgxR4kc4vjhN-RLQdbJ4AaABAg,UC-3fVpoDor2rcvXBjD9t_GA,2023-04-07T10:21:28.604417+00:00,0,,,jaVdD4Z8UCs,"{""text"":""The moose is back 🔙""}",
UgyF6n-THh4uDS-tDQl4AaABAg,UC-3fVpoDor2rcvXBjD9t_GA,2023-04-07T04:00:53.110111+00:00,0,,,jaVdD4Z8UCs,"{""text"":""Dil Da Ni Mada 👑""}",
Ugx3R16jmYKbthijsdB4AaABAg.9lwdat0kcjr9n-8xAaD3zO,UC-3fVpoDor2rcvXBjD9t_GA,2023-03-08T11:06:32.672877+00:00,0,Ugx3R16jmYKbthijsdB4AaABAg,,UMhzjajR2S8,"{""text"":""Jaa naa bhai apna kaam kar 🥱""}",Ugx3R16jmYKbthijsdB4AaABAg
UgynxpsS4gie_zB-b094AaABAg,UC-3fVpoDor2rcvXBjD9t_GA,2023-03-05T15:51:03.580913+00:00,0,,,HyfpWS1q5SA,"{""text"":""ਨਾਮ ਮੇਰਾ ਲੈ ਕੇ view count High Kardi ਮੇਰੇ ਸਿਰੋ ਚੱਲੇ youtube ਅੱਜ ਕੱਲ 🏹🎯""}",
UgwHmogEA3H-8pcygRZ4AaABAg,UC-3fVpoDor2rcvXBjD9t_GA,2023-03-05T10:22:36.000031+00:00,0,,,1qL_Hdzuy-4,"{""text"":""This is not The Boys it is The Uncles 😂🌚""}",
UgyATVuOc0Nh23iN60p4AaABAg,UC-3fVpoDor2rcvXBjD9t_GA,2023-03-03T16:42:26.432376+00:00,0,,,yWboYjuJ9y4,"{""text"":""Aujla x drake xsidhu  industry hila ke rakh du 💥💥""}",
UgzwJ00_rfrzCMmbrvh4AaABAg,UC-3fVpoDor2rcvXBjD9t_GA,2023-02-22T14:52:29.919666+00:00,0,,,qb7msFZZYl4,"{""text"":""Brown shortie ending part  by sidhu is also sampled by mere mehboob qyamat hogi 💥⛳""}",
UgzIst5wM1JHGadj3dh4AaABAg,UC-3fVpoDor2rcvXBjD9t_GA,2023-02-22T07:06:38.417137+00:00,0,,,Fr-97irpIUg,"{""text"":""@s8uladi""}",
UgwWIn67dx1HwOBX11F4AaABAg,UC-3fVpoDor2rcvXBjD9t_GA,2023-02-21T10:27:05.208425+00:00,0,,,OVAJH6h1Gk4,"{""text"":""💮💛""}",
Ugz07nMXfCvx3nRvR0Z4AaABAg,UC-3fVpoDor2rcvXBjD9t_GA,2023-02-15T15:30:13.937491+00:00,0,,,ZkXEFJ9zP-I,"{""text"":""Mere pass 1985 1 rupee coin hai with H mark ""},{""text"":""\n""},{""text"":""I want to sell it ""},{""text"":""\n""},{""text"":""Please need help""}",
UgyerkJCff3NpPjNGG54AaABAg,UC-3fVpoDor2rcvXBjD9t_GA,2023-02-15T15:28:31.142592+00:00,0,,,QpiJMVc5A9s,"{""text"":""Mere pass 1985 1 rupee coin hai with H mark ""},{""text"":""\n""},{""text"":""I want to sell it ""},{""text"":""\n""},{""text"":""Please need help ✨✨""}",
UgwEREaXzEIZ-DBUxyp4AaABAg.9k1_-nfoZiK9k3RUKGkfUp,UC-3fVpoDor2rcvXBjD9t_GA,2022-12-25T13:31:16.399412+00:00,0,UgwEREaXzEIZ-DBUxyp4AaABAg,,HvZ1yHtlwpM,"{""text"":""Dabwali toh""}",UgwEREaXzEIZ-DBUxyp4AaABAg
UgxfLBfUx7i0_lXU5KR4AaABAg,UC-3fVpoDor2rcvXBjD9t_GA,2022-12-18T07:58:12.170648+00:00,0,,,YoTx7eTdkxM,"{""text"":""@soul""}",
UgxKyQQElYE2UYA8Tg54AaABAg,UC-3fVpoDor2rcvXBjD9t_GA,2022-11-24T06:50:43.940887+00:00,0,,,RTWmJo4btZk,"{""text"":""You should also put link of esports awards""}",
UgwmEuun0L8zIlTCUPp4AaABAg,UC-3fVpoDor2rcvXBjD9t_GA,2022-10-18T06:47:48.946339+00:00,0,,,XeyF32xT-qI,"{""text"":""S8UL 🌟🌟✌🏽""}",
Ugw7CTb05ZevYn4E1fl4AaABAg,UC-3fVpoDor2rcvXBjD9t_GA,2022-09-26T10:15:47.992113+00:00,0,,UgkxEha100SYtw7kdwPiH4b22_FHzWuJAnTk,,"{""text"":""Mortal 💥""}",
UgxVDd4TtleeXyC2yTJ4AaABAg,UC-3fVpoDor2rcvXBjD9t_GA,2022-09-25T13:54:09.418416+00:00,0,,,C3dHbecjWGw,"{""text"":""Working i earned 2 lakh rupees last year ""},{""text"":""\n""},{""text"":""Sir helped me to earn !!""}",
Ugxl0yA7-F51cUCc3o54AaABAg,UC-3fVpoDor2rcvXBjD9t_GA,2022-09-25T13:52:08.314482+00:00,0,,,C3dHbecjWGw,"{""text"":""Sir big fan❤️❤️""}",
UgyKGXS263yG2eHhVYN4AaABAg,UC-3fVpoDor2rcvXBjD9t_GA,2022-09-08T12:53:41.341086+00:00,0,,,wcgCDhG0F8o,"{""text"":""Irony bhai ne diet tag Kiya beyyyyyyyyyyy 😂😂""}",
Ugx2pEFwuVypL1NBrud4AaABAg,UC-3fVpoDor2rcvXBjD9t_GA,2022-04-16T07:44:46.277644+00:00,0,,UgkxwZX1xbyGkguH1-od-G7B5D4GsQz_lMid,,"{""text"":""K18""}",
UgzjnWU3Yi8RMuleW7l4AaABAg.9_crzTk7vUB9_cskZuVHic,UC-3fVpoDor2rcvXBjD9t_GA,2022-04-10T07:25:37.105226+00:00,0,UgzjnWU3Yi8RMuleW7l4AaABAg.9_crzTk7vUB9_cshpAUlfY,,5Q8hTDirx1Q,"{""text"":""You're right""}",UgzjnWU3Yi8RMuleW7l4AaABAg
UgzjnWU3Yi8RMuleW7l4AaABAg.9_crzTk7vUB9_cshpAUlfY,UC-3fVpoDor2rcvXBjD9t_GA,2022-04-10T07:25:14.613618+00:00,0,UgzjnWU3Yi8RMuleW7l4AaABAg,,5Q8hTDirx1Q,"{""text"":""Yes bro""}",UgzjnWU3Yi8RMuleW7l4AaABAg
UgzjnWU3Yi8RMuleW7l4AaABAg,UC-3fVpoDor2rcvXBjD9t_GA,2022-04-10T07:18:55.072523+00:00,0,,,5Q8hTDirx1Q,"{""text"":""Babla is the ugly genius of s8ul 🥺🥺🚀🚀🚀""}",
UgyMz1xfaPMDV40ZadV4AaABAg,UC-3fVpoDor2rcvXBjD9t_GA,2022-04-04T05:47:35.369205+00:00,0,,UgkxCKmbeLgZu6atGY6bU0Dw7EoYt8V79_6y,,"{""text"":""K18""}",
UgyiQbdPBAgzBXJU9GR4AaABAg,UC-3fVpoDor2rcvXBjD9t_GA,2022-04-03T04:39:47.928752+00:00,0,,,Z2ZE6jkFod0,"{""text"":""SouLGoldy incoming 🚀🚀🚀🚀🚀""}",
UgxZnUPFH0FPdlUSoph4AaABAg,UC-3fVpoDor2rcvXBjD9t_GA,2022-01-03T07:05:23.5291+00:00,0,,UgkxOaHb3-q57HFNa00NdCIvmk3wnEX-qiQu,,"{""text"":""Aadi""}",
UgwJ2HZOSaHt3s5m0954AaABAg.9VFP2cRA7R59VFPL0LD3F5,UC-3fVpoDor2rcvXBjD9t_GA,2021-11-27T12:41:06.299004+00:00,0,UgwJ2HZOSaHt3s5m0954AaABAg,,abB4LKATrWI,"{""text"":""Every part ❤️❤️❤️""}",UgwJ2HZOSaHt3s5m0954AaABAg
Ugzbclw26pdX1Z95IaF4AaABAg,UC-3fVpoDor2rcvXBjD9t_GA,2021-11-26T10:06:54.016924+00:00,0,,,xGEDEt1uiYc,"{""text"":""Mujhe abhi abhi pata lga ki celtz substitute umang hai""}",
UgxjJ7QPulyBFKA-IIN4AaABAg,UC-3fVpoDor2rcvXBjD9t_GA,2021-11-18T12:15:20.88393+00:00,0,,,pX47L9afsjg,"{""text"":""Me watching on 50 rupee railway station earphones 😂😂😂""}",
Ugwl2p9ZzYl7BhbMqD54AaABAg,UC-3fVpoDor2rcvXBjD9t_GA,2021-11-17T10:24:59.151769+00:00,0,,,w7nO09CSHoU,"{""text"":""Nippu marta tha ,marta hai aur maarta rahega ❤️❤️""},{""text"":""\n""},{""text"":""Good to see the attacking Soul❤️❤️""},{""text"":""\n""},{""text"":""BGIS nippu chacha ka hi hai ❤️❤️""}",
UgwUw9tDv1YSf1p0-Pt4AaABAg,UC-3fVpoDor2rcvXBjD9t_GA,2021-11-13T12:09:11.958438+00:00,0,,,0OaJ-wCgkMg,"{""text"":""👇🏽 times he said oh bhai 😂😂😂""}",
UgyqyXiZRtiSHEcDlwd4AaABAg,UC-3fVpoDor2rcvXBjD9t_GA,2021-11-13T10:25:35.462513+00:00,0,,,RHbDSaoZa4s,"{""text"":""Task accomplished ❤️❤️❤️❤️❤️❤️❤️""}",
UgwLBUe2oTk-qU8vbTt4AaABAg,UC-3fVpoDor2rcvXBjD9t_GA,2021-11-12T11:56:09.265586+00:00,0,,,Ox4V8f_wzwI,"{""text"":""Love from purani pochinki❤️❤️""}",
UgzZIPMioOU03Y0cWFx4AaABAg,UC-3fVpoDor2rcvXBjD9t_GA,2021-11-08T07:36:49.847176+00:00,0,,,aelBfyHenBQ,"{""text"":""First comment ❤️❤️""}",
Ugxet8qV6Ou6QNJU_F54AaABAg,UC-3fVpoDor2rcvXBjD9t_GA,2021-10-20T06:44:55.623107+00:00,0,,,9CI7q7M99F4,"{""text"":""This vlog deserves trending page ❤️❤️❤️""}",
UgzCKvO4SiNQgqgB_yN4AaABAg,UC-3fVpoDor2rcvXBjD9t_GA,2021-10-16T01:19:18.207708+00:00,0,,,f7zzqQZEX34,"{""text"":""15:11"",""videoLink"":{""externalVideoId"":""f7zzqQZEX34"",""startTimeSeconds"":911}},{""text"":"" watch this in .25x you will see the actual killer 😁""}",
UgzKoGz9gDP0p2ENRNV4AaABAg.9TTgxZoUxXd9TTliSsy2Lt,UC-3fVpoDor2rcvXBjD9t_GA,2021-10-14T09:31:59.894819+00:00,0,UgzKoGz9gDP0p2ENRNV4AaABAg.9TTgxZoUxXd9TTkQryeaTq,,sdDbN6yYgoE,"{""text"":""@Maurice19"",""mention"":{""externalChannelId"":""UCvikVX0WlyVFYDh27TIRg5w""}},{""text"":"" thaanku ❤️❤️❤️🙂""}",UgzKoGz9gDP0p2ENRNV4AaABAg
UgzKoGz9gDP0p2ENRNV4AaABAg.9TTgxZoUxXd9TTkG0DIlKb,UC-3fVpoDor2rcvXBjD9t_GA,2021-10-14T09:19:14.37048+00:00,0,UgzKoGz9gDP0p2ENRNV4AaABAg,,sdDbN6yYgoE,"{""text"":""Nwh kya hota hai🙄""}",UgzKoGz9gDP0p2ENRNV4AaABAg
UgzGY6wMVMWdLf8dFe14AaABAg,UC-3fVpoDor2rcvXBjD9t_GA,2021-10-01T16:11:44.964782+00:00,0,,,H8FsiKqdV2Q,"{""text"":""Samajh ni aaya par aunke achha laga *rip brain cells 😂😂😂😂""}",
UgxKQesgyYHfI8LJj4d4AaABAg,UC-3fVpoDor2rcvXBjD9t_GA,2021-09-29T15:03:03.895852+00:00,0,,,BGP2cAMp9q4,"{""text"":""Wah bete moj kardi nishan ❤️❤️❤️""}",





