Playlist ID,Add new videos to top,Playlist description (original),Playlist image 1 Create timestamp,Playlist image 1 URL,Playlist image 1 Height,Playlist image 1 Width,Playlist image 2 Create timestamp,Playlist image 2 URL,Playlist image 2 Height,Playlist image 2 Width,Playlist title (original),Playlist title (original) language,Playlist create timestamp,Playlist update timestamp,Playlist video order,Playlist visibility
PLFOvXYiPMosiLVkSE2VQijdt8wxPyRofP,False,,,,,,,,,,No Name,,2025-09-26T10:15:25+00:00,2025-09-27T10:36:13+00:00,Manual,Private
PLFOvXYiPMoshboBV6PR8R6Q24VLmnWiam,False,Playlist converted by Soundiiz from another music platform ! https://soundiiz.com,2025-11-23T02:42:06.19085098+00:00,https://yt3.googleusercontent.com/5JUY-TasXVj6oaPGJ3CnlDyi1a6UVTaRWF6M2XtEnVf1x1QKhxmpwbT_RoHB_CvGIQDd_-OX6U8,1000,1000,2025-11-28T11:23:35.010343097+00:00,https://yt3.googleusercontent.com/xoasrDnhk2LVGvu4EgpBsLXBbx5LWGAvve0HeCPnSY1VaC_JT-gvasG8ghFvI04Q5EdFu9RsjNPg,1000,1000,Jassakushnvalekeaaupkka,,2025-02-07T17:37:47+00:00,2025-11-28T11:23:35+00:00,Manual,Private
PLFOvXYiPMosiAbHOotO3Zlgq8oSt37Ldm,False,,2025-02-04T01:56:53.037078171+00:00,https://yt3.googleusercontent.com/blMRqil0DP_b8dwywoI7482Ddf0U7kW3KPNb5X5VXtxmQOkWv2L6fLpwhk--UcCheROvfrOWoYc,1000,1000,2025-11-22T23:57:19.104721705+00:00,https://yt3.googleusercontent.com/Rmk1QB2wIrh0izQOwmTcNkZhzRFol9JVs_IUSo85_MfGelcoJnwBXC_YFZ0Ao7GxmJSacXNhSQ,1000,1000,Jassapuranetehishifthogya,,2025-01-30T17:46:38+00:00,2025-11-22T23:57:19+00:00,Manual,Public
PLFOvXYiPMoshS7zPij70rj-UQKG-VW_zM,False,,2025-01-26T11:42:22.898701819+00:00,https://yt3.googleusercontent.com/PBEUgbWbl99b0mIregoQLRLFiZlW-LVfKby508giVreQMcVn_KbxscS0yXHi0mh2q4fK5WpIYYk,1000,1000,2025-05-28T04:47:15.75202891+00:00,https://yt3.googleusercontent.com/ywQLYI0SqnAomsH4iIe2ZoqpvQyZvNtpr0pZ4_3_W22ybYvz7ZqN8TqZAXsCOCHd-xmJF5MbJjk,1000,1000,Jassakujhnvalekeaaugapkka,,2025-01-03T20:22:31+00:00,2025-06-22T06:26:42+00:00,Manual,Private
PLFOvXYiPMosgyXnrn8xQhbPv_UPkk8cKk,False,,2025-01-14T17:33:17.591145425+00:00,https://yt3.googleusercontent.com/ctLpI9PmH5kOH0rHhclRQnFL-cJJxFNAtsKY9P0mgS1v9qTEWWg9XCntnwpoCOevQRuQ6gQx5DE,1000,1000,,,,,🐞,,2024-08-23T15:11:24+00:00,2025-08-30T11:00:56+00:00,Manual,Private
PLFOvXYiPMoshdV1w34WK0M7mP1pfsKNYc,False,,2023-12-23T09:01:23.726109007+00:00,https://yt3.googleusercontent.com/GAOPpNgZMYQqZHcnR1yF-8ciRLlDVZ4Nu_IxeyMiCPMxrQfR6jTT4QtGqiQ0fsaIPthMhREg8Q,1000,1000,,,,,🪐,,2023-12-23T09:01:14+00:00,2025-09-27T12:55:00+00:00,Manual,Private
PLFOvXYiPMosiTPrZF1qmhDYGAnkd6pseV,False,,2025-05-25T06:21:39.322183665+00:00,https://yt3.googleusercontent.com/5UYXkN2jGUhSPyfWhyypa4EcTPvOEE1pWWvpqUxmeSRG-xcHhdc2CKGorULqoMi0hwxm7adCEWYh,1000,1000,2025-10-19T21:14:35.095235302+00:00,https://yt3.googleusercontent.com/c_0Vrcx3wKKweCspWyh4aaG-14iPOPWhwrvVWS72WZnnp_LT0DD7NFaFjrjlf3HtCIqm-duzqg,1000,1000,👑💥,,2023-01-16T07:29:16+00:00,2025-10-19T21:14:35+00:00,Manual,Private
PLFOvXYiPMosg2gaE_WeWICgRy8IIur22G,False,,2023-02-08T12:50:17.069668531+00:00,https://yt3.googleusercontent.com/4dhid6TNeGw6QUJv1s5wmXGtchzNre706Za0k3xisPPf5obdx1GMNGSo1YHW6X1mzPBsg_42a5k,1000,1000,,,,,Jass,,2022-05-19T10:14:16+00:00,2024-05-11T07:40:34+00:00,Manual,Private
PLFOvXYiPMosj-TPlZq_qccIZUigFzlSWk,True,,2024-11-30T20:17:06.72662393+00:00,https://yt3.googleusercontent.com/Xb7dSjdHGZhm2S0cDiunh4NXapJXt9IloxMAfwlonP79-6gaK_x2-zo99XUrmoIOOD2xfDJk3w,1000,1000,,,,,Watch later,en_US,2019-07-24T13:35:56+00:00,2025-11-15T21:48:16+00:00,Date added (newest),Private





