Live chat ID,Channel ID,Live chat create timestamp,Price,Video ID,Live chat text
Ugxk8nz5Gors5D6ZIR54AaABDqgBs8WvjQI,UC-3fVpoDor2rcvXBjD9t_GA,2022-01-01T15:47:48.398598+00:00,0,57NkkgVIK3g,"{""text"":""ap""}"
UgyPmr80hl2GsNFPigZ4AaABDqgB86LhkgI,UC-3fVpoDor2rcvXBjD9t_GA,2022-01-01T14:39:16.146849+00:00,0,numyR7FW4vQ,"{""text"":""viper""}"
UgwhU-rnUbRUZ1tALYZ4AaABDqgBgr3VjgI,UC-3fVpoDor2rcvXBjD9t_GA,2021-12-30T11:55:53.884179+00:00,0,2YKo5Pnf1j0,"{""text"":""low bright ness""}"
Ugydm_sxhGpc_sIlrJV4AaABDqgBxO_rmQI,UC-3fVpoDor2rcvXBjD9t_GA,2021-12-28T15:51:49.085962+00:00,0,h2rQ2Osq-7Q,"{""text"":""@Saten Gaming bro lagta hum galat sream aa ge""}"
UgzyqLvz9RfnyaogA3V4AaABDqgB5pTDmgI,UC-3fVpoDor2rcvXBjD9t_GA,2021-12-28T15:51:02.122406+00:00,0,h2rQ2Osq-7Q,"{""text"":""soup chicken""}"
Ugw8IxB_wwFJZSGkLpZ4AaABDqgBsqqihwI,UC-3fVpoDor2rcvXBjD9t_GA,2021-12-28T15:47:28.455881+00:00,0,utXDl-X2M6o,"{""text"":""chacha supremacy""}"
UgygCHQp62AJo3-tbVF4AaABDqgB0fW5mgI,UC-3fVpoDor2rcvXBjD9t_GA,2021-12-28T15:46:37.042044+00:00,0,utXDl-X2M6o,"{""text"":""❤️❤️❤️❤️❤️""}"
UgyK7Tyk9u-7NCiLnLt4AaABDqgB0_WtkQI,UC-3fVpoDor2rcvXBjD9t_GA,2021-12-28T15:46:20.61475+00:00,0,utXDl-X2M6o,"{""text"":""@Amarjeet Kaur jali na teri""}"
UgxK7arbbGrKSIeDzd14AaABDqgB4aeyngI,UC-3fVpoDor2rcvXBjD9t_GA,2021-12-28T15:45:27.021831+00:00,0,utXDl-X2M6o,"{""text"":""nippu chAcha supremacy""}"
Ugw9VnTxmWvlvfvGUC94AaABDqgBrPOqhwI,UC-3fVpoDor2rcvXBjD9t_GA,2021-12-28T15:43:06.21206+00:00,0,utXDl-X2M6o,"{""text"":""nippu chacha hai kya""}"
UgyfegReP68AsmBPUz14AaABDqgBw6SLiAI,UC-3fVpoDor2rcvXBjD9t_GA,2021-12-28T15:05:07.413308+00:00,0,utXDl-X2M6o,"{""text"":""soul""}"
UgwSj0I7Hn0ig9MvMe94AaABDqgB6tiLnQI,UC-3fVpoDor2rcvXBjD9t_GA,2021-12-28T15:05:05.200416+00:00,0,utXDl-X2M6o,"{""text"":""soul""}"
Ugz3ItIJ1PDHyqYR4654AaABDqgBgsrhngI,UC-3fVpoDor2rcvXBjD9t_GA,2021-12-28T15:05:02.726704+00:00,0,utXDl-X2M6o,"{""text"":""soul""}"
UgyIxkrQn8wCfl_aoxB4AaABDqgBuc6qkAI,UC-3fVpoDor2rcvXBjD9t_GA,2021-12-28T15:05:00.678928+00:00,0,utXDl-X2M6o,"{""text"":""soul""}"
UgxLbHTm16kHp6Y_ulJ4AaABDqgB19jvhAI,UC-3fVpoDor2rcvXBjD9t_GA,2021-12-28T15:04:58.776735+00:00,0,utXDl-X2M6o,"{""text"":""soul""}"
UgxX-cjNsPfKg-oeX914AaABDqgBgZTliQI,UC-3fVpoDor2rcvXBjD9t_GA,2021-12-28T15:04:57.111135+00:00,0,utXDl-X2M6o,"{""text"":""soul""}"
UgzpRv_tS-2Ir-ZlCaR4AaABDqgBn6avmwI,UC-3fVpoDor2rcvXBjD9t_GA,2021-12-28T15:04:55.070773+00:00,0,utXDl-X2M6o,"{""text"":""soul""}"
UgyXqCC-GRt0gGVdiVl4AaABDqgBg7GGnwI,UC-3fVpoDor2rcvXBjD9t_GA,2021-12-28T15:04:52.934806+00:00,0,utXDl-X2M6o,"{""text"":""soul""}"
UgyI5ogMj9_BDVytzSd4AaABDqgBiOPngAI,UC-3fVpoDor2rcvXBjD9t_GA,2021-12-28T15:04:50.659537+00:00,0,utXDl-X2M6o,"{""text"":""soul""}"
Ugy2k9eMZy0ZvrmMtN54AaABDqgByNjilwI,UC-3fVpoDor2rcvXBjD9t_GA,2021-12-28T15:04:48.794257+00:00,0,utXDl-X2M6o,"{""text"":""soul""}"
UgzPgMJfTs7Og85vApZ4AaABDqgBj7OOjgI,UC-3fVpoDor2rcvXBjD9t_GA,2021-12-28T15:04:42.290809+00:00,0,utXDl-X2M6o,"{""text"":""Jass Rupal""}"
UgyuZDQ8yo_RQFIyYj14AaABDqgBsqnyigI,UC-3fVpoDor2rcvXBjD9t_GA,2021-12-28T15:04:28.431099+00:00,0,utXDl-X2M6o,"{""text"":""@Jass Rupal""}"
UgyXUHzEPOPsJwYdA9l4AaABDqgBvZuJgQI,UC-3fVpoDor2rcvXBjD9t_GA,2021-12-28T15:04:17.982188+00:00,0,utXDl-X2M6o,"{""text"":""soul""}"
Ugwitk1Z9-Wn1dzYbgR4AaABDqgBw7e5lwI,UC-3fVpoDor2rcvXBjD9t_GA,2021-12-28T15:04:15.526015+00:00,0,utXDl-X2M6o,"{""text"":""soul""}"
UgzSmdR9CX73DvTXz1d4AaABDqgBrrKuhQI,UC-3fVpoDor2rcvXBjD9t_GA,2021-12-28T15:04:07.152516+00:00,0,utXDl-X2M6o,"{""text"":""soul""}"
UgxEzWrWhVeZopJszvt4AaABDqgBoufhgwI,UC-3fVpoDor2rcvXBjD9t_GA,2021-12-28T15:04:01.554298+00:00,0,utXDl-X2M6o,"{""text"":""soul""}"
UgyPjXBWgZXx4gzi08J4AaABDqgBv_2NkwI,UC-3fVpoDor2rcvXBjD9t_GA,2021-12-28T15:03:59.487969+00:00,0,utXDl-X2M6o,"{""text"":""soul""}"
UgwAaweOc8aiQy6akPx4AaABDqgBseWPiQI,UC-3fVpoDor2rcvXBjD9t_GA,2021-12-28T15:03:57.709614+00:00,0,utXDl-X2M6o,"{""text"":""soul""}"
UgzHspjatzPWV5SnYjB4AaABDqgBoaLqkAI,UC-3fVpoDor2rcvXBjD9t_GA,2021-12-28T15:03:53.043129+00:00,0,utXDl-X2M6o,"{""text"":""soul""}"
Ugy10Lzfurq5jw-Wglh4AaABDqgBpYqOhwI,UC-3fVpoDor2rcvXBjD9t_GA,2021-12-28T15:03:50.782278+00:00,0,utXDl-X2M6o,"{""text"":""soul""}"
Ugyis1f6qN41DfUwKwV4AaABDqgB8Zr_lgI,UC-3fVpoDor2rcvXBjD9t_GA,2021-12-28T15:03:48.602662+00:00,0,utXDl-X2M6o,"{""text"":""soul""}"
UgzJKNzWAELi9m0oTTJ4AaABDqgBmJuLhQI,UC-3fVpoDor2rcvXBjD9t_GA,2021-12-28T15:03:44.913115+00:00,0,utXDl-X2M6o,"{""text"":""soul""}"
UgzO8WvikvRh6-fDVoJ4AaABDqgBxa-WkQI,UC-3fVpoDor2rcvXBjD9t_GA,2021-12-28T15:03:29.875859+00:00,0,utXDl-X2M6o,"{""text"":""viper chacha""}"
UgxgdVTKN1PARMQbASR4AaABDqgB4ufHggI,UC-3fVpoDor2rcvXBjD9t_GA,2021-12-28T15:03:07.373183+00:00,0,utXDl-X2M6o,"{""text"":""nippu chacha zindabad""}"
UgzXswFuikhNIdERDax4AaABDqgBh8zXlAI,UC-3fVpoDor2rcvXBjD9t_GA,2021-12-28T14:48:04.948182+00:00,0,utXDl-X2M6o,"{""text"":""#believinsoul""}"
UgxUqoPh0cjVfqSR2B54AaABDqgBspOWmwI,UC-3fVpoDor2rcvXBjD9t_GA,2021-12-28T12:12:32.337413+00:00,0,utXDl-X2M6o,"{""text"":""nippu chacha op""}"
Ugyrz5WCBx9DvuqH0mp4AaABDqgB-bDOgQI,UC-3fVpoDor2rcvXBjD9t_GA,2021-12-28T12:10:41.675177+00:00,0,utXDl-X2M6o,"{""text"":""soulftw❤️❤️❤️❤️""}"
UgzKDg5DcKsiKcSLJkV4AaABDqgBvKPyhQI,UC-3fVpoDor2rcvXBjD9t_GA,2021-12-27T14:54:11.285594+00:00,0,GXn6YtHoGNI,"{""text"":""bgis raid""}"
UgwHHdBPFKQ9AfKkfh94AaABDqgBz52GggI,UC-3fVpoDor2rcvXBjD9t_GA,2021-12-26T12:47:39.379657+00:00,0,rn_k9W5iGQ4,"{""text"":""vlt 69""}"
Ugy0GMiL0Lok5m3opTt4AaABDqgB8NDVmwI,UC-3fVpoDor2rcvXBjD9t_GA,2021-12-26T12:46:41.578203+00:00,0,rn_k9W5iGQ4,"{""text"":""kala chand wala emoji""}"
UgxZXYSHjX-dsc02kpF4AaABDqgBse_smAI,UC-3fVpoDor2rcvXBjD9t_GA,2021-12-24T16:14:09.815093+00:00,0,0DFJtfCj7J8,"{""text"":""bhabi op""}"
UgxCBbBzrv3YUre6WZN4AaABDqgB0qWBlAI,UC-3fVpoDor2rcvXBjD9t_GA,2021-12-24T16:13:33.927405+00:00,0,0DFJtfCj7J8,"{""text"":""bhabi op""}"
UgyT7LIq_vRUXYL3p054AaABDqgB8ar-jwI,UC-3fVpoDor2rcvXBjD9t_GA,2021-12-24T16:13:25.071849+00:00,0,0DFJtfCj7J8,"{""text"":""bhabi op""}"
UgzutffmsLYG6ZB1TH14AaABDqgB9pKylwI,UC-3fVpoDor2rcvXBjD9t_GA,2021-12-23T09:16:50.499229+00:00,0,jJ6gLzFet6I,"{""text"":""who was shroud ka ldka""}"
UgxS72OP1eI_8BIcRzp4AaABDqgBwbe7lAI,UC-3fVpoDor2rcvXBjD9t_GA,2021-12-20T10:04:22.115022+00:00,0,vUg-Xx7WVKY,"{""text"":""!game""}"
UgyGVv6F5aY5gec-2n54AaABDqgBhNbnhQI,UC-3fVpoDor2rcvXBjD9t_GA,2021-12-19T13:44:19.377945+00:00,0,T8jxFLWIFTk,"{""text"":""k18 valo khel naaa please ❤️❤️❤️""}"
Ugw84SkQ4DSMEt9pIBx4AaABDqgBzYLanAI,UC-3fVpoDor2rcvXBjD9t_GA,2021-12-19T11:44:59.903247+00:00,0,T8jxFLWIFTk,"{""text"":""attack on gaming house""}"
UgyVA8H-THUsqUBc2894AaABDqgBuOO1hwI,UC-3fVpoDor2rcvXBjD9t_GA,2021-12-17T16:55:21.358511+00:00,0,jGgYYMY6qW4,"{""text"":""hello zeriiiiiii pro vlogger 😃""}"
UgxyVWGU6bf8173drrF4AaABDqgBj4OYigI,UC-3fVpoDor2rcvXBjD9t_GA,2021-12-12T15:04:37.55909+00:00,0,CuAUTKRRJ4U,"{""text"":""75""}"
UgxZEiSeflDHa5xLfFN4AaABDqgBisuKlQI,UC-3fVpoDor2rcvXBjD9t_GA,2021-12-12T15:04:11.481773+00:00,0,CuAUTKRRJ4U,"{""text"":""75% strength se maaro""}"
UgwjBWz1dy8lZvejAFt4AaABDqgBz7PDjAI,UC-3fVpoDor2rcvXBjD9t_GA,2021-12-12T15:03:41.520751+00:00,0,CuAUTKRRJ4U,"{""text"":"".75 power se maaro""}"
Ugxm72zZdwweNzECKhR4AaABDqgBsvi2gQI,UC-3fVpoDor2rcvXBjD9t_GA,2021-12-12T10:59:50.196345+00:00,0,fkJTZICh29A,"{""text"":""@sid is makin paan masal factory in s8ul bootcamp""}"
UgxTBw4uIkYt8tdXa8h4AaABDqgB28_ShwI,UC-3fVpoDor2rcvXBjD9t_GA,2021-12-10T13:03:58.931011+00:00,0,stqm6Y61dBI,"{""text"":""soul lets goooooooo""}"
UgzlcS6bJkcGsq_I86B4AaABDqgBpdeIigI,UC-3fVpoDor2rcvXBjD9t_GA,2021-12-03T13:18:24.951274+00:00,0,fTLTkyccWhY,"{""text"":""-50000000000000000""}"
UgyaEYmoXZM4GtIpD9Z4AaABDqgBmMykiQI,UC-3fVpoDor2rcvXBjD9t_GA,2021-12-03T13:17:40.242916+00:00,0,fTLTkyccWhY,"{""text"":""soul rega""}"
UgxKc4v3FdgzQ_BdQPp4AaABDqgB_4jMmQI,UC-3fVpoDor2rcvXBjD9t_GA,2021-12-03T13:17:18.55045+00:00,0,fTLTkyccWhY,"{""text"":""bgmi lite""}"
UgxIAL68YaZRpZuRxy14AaABDqgBpPSplAI,UC-3fVpoDor2rcvXBjD9t_GA,2021-12-03T13:16:50.648582+00:00,0,fTLTkyccWhY,"{""text"":""soul scout""}"
UgwZ-ehTELkzg_OH3EB4AaABDqgBpJfbnAI,UC-3fVpoDor2rcvXBjD9t_GA,2021-12-03T13:16:28.536506+00:00,0,fTLTkyccWhY,"{""text"":""ketan and thug are needed""}"
UgygO-3YLu1xWmaw92p4AaABDqgB2tSXjgI,UC-3fVpoDor2rcvXBjD9t_GA,2021-12-02T15:59:08.256735+00:00,0,MwnDAeyI1M0,"{""text"":""copy to woh karti thi""}"
Ugze3N1dl2LR5peYK6x4AaABDqgB1qKPgwI,UC-3fVpoDor2rcvXBjD9t_GA,2021-12-02T14:15:41.839338+00:00,0,uPjpeRhKQKE,"{""text"":""ketan""}"
UgwL0gEfoEEoqw9QFxZ4AaABDqgB6J2AhwI,UC-3fVpoDor2rcvXBjD9t_GA,2021-12-02T14:15:27.641482+00:00,0,uPjpeRhKQKE,"{""text"":""ketan""}"
UgzGxMyloAlDpIsIA_l4AaABDqgBhKyrjAI,UC-3fVpoDor2rcvXBjD9t_GA,2021-12-02T14:15:20.405797+00:00,0,uPjpeRhKQKE,"{""text"":""ketan and ocean""}"
UgxmPrMX0eSOngU2Tex4AaABDqgBzK-BiwI,UC-3fVpoDor2rcvXBjD9t_GA,2021-12-02T14:10:42.586317+00:00,0,uPjpeRhKQKE,"{""text"":""k18 needed""}"
Ugzt6Fq7bD9Mi5aRdt14AaABDqgBx_OQhAI,UC-3fVpoDor2rcvXBjD9t_GA,2021-12-01T12:36:19.802385+00:00,0,VM7K00vRe2Q,"{""text"":""internet ki maa ki chuuuuu""}"
UgyEXJkWUN6fdBChSHF4AaABDqgBme3FkQI,UC-3fVpoDor2rcvXBjD9t_GA,2021-12-01T12:32:33.793827+00:00,0,VM7K00vRe2Q,"{""text"":""nis chaayi""}"
UgzyzidBuOkIGQP4Znx4AaABDqgB_9qSnQI,UC-3fVpoDor2rcvXBjD9t_GA,2021-12-01T12:32:20.035368+00:00,0,VM7K00vRe2Q,"{""text"":""🌝🌝🌝🌝🌝""}"
UgxqiGnS39YnzdtD4wd4AaABDqgBgLKmhgI,UC-3fVpoDor2rcvXBjD9t_GA,2021-12-01T12:32:13.944092+00:00,0,VM7K00vRe2Q,"{""text"":""❤️❤️❤️❤️❤️❤️❤️""}"
Ugz-CR9e5LrMwptqCll4AaABDqgB_aCZgAI,UC-3fVpoDor2rcvXBjD9t_GA,2021-12-01T12:32:07.999703+00:00,0,VM7K00vRe2Q,"{""text"":""🖤🖤🖤🖤🖤🖤🖤❤️""}"
UgxHB3C_-BZy_dUPXOB4AaABDqgB9b-FkQI,UC-3fVpoDor2rcvXBjD9t_GA,2021-12-01T12:32:01.684078+00:00,0,VM7K00vRe2Q,"{""text"":""🖤🖤🖤🖤🖤🖤🖤""}"
UgyWUEvBVbnyq3j14i54AaABDqgB4tKLnAI,UC-3fVpoDor2rcvXBjD9t_GA,2021-12-01T12:31:55.778388+00:00,0,VM7K00vRe2Q,"{""text"":""🖤🖤🖤🖤🖤""}"
Ugz8Zl0oAP473d9-Z3B4AaABDqgB-eyAmwI,UC-3fVpoDor2rcvXBjD9t_GA,2021-12-01T11:53:29.429586+00:00,0,VM7K00vRe2Q,"{""text"":""🖤🖤🖤🖤🖤🖤🖤🖤🖤""}"
UgyNrgnTjr1xfG_lezN4AaABDqgByt7digI,UC-3fVpoDor2rcvXBjD9t_GA,2021-11-27T14:23:30.298485+00:00,0,fgOUZrh8tTo,"{""text"":""desktop audio jada hai kam karo""}"
UgyMHqNDZ6kwbQUbmSl4AaABDqgB1LeRngI,UC-3fVpoDor2rcvXBjD9t_GA,2021-11-27T14:21:43.830494+00:00,0,fgOUZrh8tTo,"{""text"":""off""}"
UgwCFBDPv_k5gmInKdx4AaABDqgB0JznkwI,UC-3fVpoDor2rcvXBjD9t_GA,2021-11-27T14:19:59.837891+00:00,0,fgOUZrh8tTo,"{""text"":""yosh""}"
Ugx8Hk2BgtppBTkybbl4AaABDqgB9OnEhgI,UC-3fVpoDor2rcvXBjD9t_GA,2021-11-27T14:17:46.992183+00:00,0,fgOUZrh8tTo,"{""text"":""heloooooooooooooo ❤️❤️""}"
UgxRM2s09W8Mz21-KPV4AaABDqgB5-OPhgI,UC-3fVpoDor2rcvXBjD9t_GA,2021-11-27T14:17:13.468011+00:00,0,fgOUZrh8tTo,"{""text"":""face scam""}"
UgzbUE-bgF3pEUCLO154AaABDqgBwOj5jgI,UC-3fVpoDor2rcvXBjD9t_GA,2021-11-27T14:16:20.368011+00:00,0,fgOUZrh8tTo,"{""text"":""screen black""}"
UgxQz1niqLgIvMhUCyF4AaABDqgByNmBlQI,UC-3fVpoDor2rcvXBjD9t_GA,2021-11-27T14:15:38.611302+00:00,0,fgOUZrh8tTo,"{""text"":""yup""}"
UgxMvml6QeR37RCDe4B4AaABDqgBjvzhlgI,UC-3fVpoDor2rcvXBjD9t_GA,2021-11-27T14:13:35.382327+00:00,0,fgOUZrh8tTo,"{""text"":""late op""}"
Ugx0WNsrzbj2hdIH-Dt4AaABDqgBjpTMkgI,UC-3fVpoDor2rcvXBjD9t_GA,2021-11-27T14:13:14.626876+00:00,0,fgOUZrh8tTo,"{""text"":""namaskar dosto""}"
Ugxx2T8IAQtQxltNCT54AaABDqgB9sqajwI,UC-3fVpoDor2rcvXBjD9t_GA,2021-11-27T12:00:37.229602+00:00,0,LvFXNc9xoJA,"{""text"":""savlon boi lite""}"
UgwKX_UzizHh8Kpfv454AaABDqgBt4WQlwI,UC-3fVpoDor2rcvXBjD9t_GA,2021-11-23T18:18:28.363748+00:00,0,mbUMsYgjsUs,"{""text"":""y87""}"
UgydXvbfHusoBLEmm9J4AaABDqgBua2kmAI,UC-3fVpoDor2rcvXBjD9t_GA,2021-11-23T12:46:37.696783+00:00,0,T1yFZHZEwxA,"{""text"":""luv you from toilet""}"
Ugx_IeCzwZUoWcDA2RN4AaABDqgBuZ7clgI,UC-3fVpoDor2rcvXBjD9t_GA,2021-11-23T12:45:43.327472+00:00,0,T1yFZHZEwxA,"{""text"":""love you from miramar""}"
Ugz49-Aj6K_DNBAMXUR4AaABDqgBoMLumgI,UC-3fVpoDor2rcvXBjD9t_GA,2021-11-23T12:37:58.859541+00:00,0,T1yFZHZEwxA,"{""text"":""bto royal pass fail ho ra hai""}"
UgxPmpJX3mYGvcdms-V4AaABDqgB3Z68mwI,UC-3fVpoDor2rcvXBjD9t_GA,2021-11-22T18:04:24.28396+00:00,0,2MI7C53Y68g,"{""text"":""big shoit to Jass Rupal for 10 thousand superchat""}"
Ugyg-J16oY52sLpC0Kd4AaABDqgBkZaCgwI,UC-3fVpoDor2rcvXBjD9t_GA,2021-11-22T17:01:56.072036+00:00,0,TOgw1CMG4ZY,"{""text"":""colur correction""}"
Ugy_rLSFJmCqO0pCV914AaABDqgB-IyykgI,UC-3fVpoDor2rcvXBjD9t_GA,2021-11-22T16:21:07.65972+00:00,0,h_nRkC4_bPc,"{""text"":""rip kd""}"
UgyW-Nma2_G2BmrOLXB4AaABDqgBtYbfmQI,UC-3fVpoDor2rcvXBjD9t_GA,2021-11-21T15:26:22.738633+00:00,0,0KYOmBN8-Oo,"{""text"":""kya haal hai🌚🌚""}"
Ugx5i5NpeLNWuV8mTPp4AaABDqgBn93ZnAI,UC-3fVpoDor2rcvXBjD9t_GA,2021-11-21T12:52:50.09016+00:00,0,ZgttsbJEVVY,"{""text"":""akshu bro super chat nahin ho rha""}"
Ugy8gDNr6y4EX1skcj54AaABDqgB8dWshgI,UC-3fVpoDor2rcvXBjD9t_GA,2021-11-21T12:50:13.587312+00:00,0,ZgttsbJEVVY,"{""text"":""kaala chand kaala chaand""}"
UgyG9urfge1aIUetCtx4AaABDqgB0sXGlAI,UC-3fVpoDor2rcvXBjD9t_GA,2021-11-21T12:48:44.355835+00:00,0,ZgttsbJEVVY,"{""text"":""ashku ke haal he 🙂🙂""}"
UgxmXFA6W5ga0FBA2XZ4AaABDqgB8-WrngI,UC-3fVpoDor2rcvXBjD9t_GA,2021-11-20T16:03:49.606413+00:00,0,_8JgKYfuom4,"{""text"":""kya ingor krra hai 🙂🙂""}"
UgxaNuuNx3XksfnaxX94AaABDqgBqJG7lgI,UC-3fVpoDor2rcvXBjD9t_GA,2021-11-20T16:02:29.913647+00:00,0,_8JgKYfuom4,"{""text"":""zeriii hagna mootna stream ke pehle kiya kar 😂😂😂😂""}"
UgyfDLF0Oif1cRSZXl14AaABDqgB39vTigI,UC-3fVpoDor2rcvXBjD9t_GA,2021-11-20T14:27:26.526095+00:00,0,JpHEOgy23cI,"{""text"":""memes""}"
UgzLkQ6zLYKxc8ZR7p54AaABDqgBq_OUkQI,UC-3fVpoDor2rcvXBjD9t_GA,2021-11-18T15:43:58.619899+00:00,0,7CowSNT7YOE,"{""text"":""play pubg pc pakka rage hoge 😂😂""}"
UgxipHIgvHj5ooGv0MF4AaABDqgBkMqVmAI,UC-3fVpoDor2rcvXBjD9t_GA,2021-11-18T15:18:33.847074+00:00,0,7CowSNT7YOE,"{""text"":""voh bacche chale gaye jisne suba school jana hai😂😂""}"
UgyxYLco-CnhDHtM9-t4AaABDqgBwb-vhQI,UC-3fVpoDor2rcvXBjD9t_GA,2021-11-18T15:16:26.515326+00:00,0,7CowSNT7YOE,"{""text"":""55504813936""}"
UgylxeJ5UAGEefqt3ax4AaABDqgBgM6_jgI,UC-3fVpoDor2rcvXBjD9t_GA,2021-11-17T11:29:17.603973+00:00,0,KIj99PUecOU,"{""text"":""lodsma oo""}"
UgxsX0DQIvvXexslshB4AaABDqgB5pjzmwI,UC-3fVpoDor2rcvXBjD9t_GA,2021-11-17T11:24:11.697719+00:00,0,KIj99PUecOU,"{""text"":""screen""}"
UgyDzSgpvt0Huqg_RlN4AaABDqgB86WAnQI,UC-3fVpoDor2rcvXBjD9t_GA,2021-11-17T11:20:05.821942+00:00,0,KIj99PUecOU,"{""text"":""goldy bhai posta icecream lag rahe ho😂😂❤️""}"
UgxSphAOHhzp3oDNpVt4AaABDqgBnajfjQI,UC-3fVpoDor2rcvXBjD9t_GA,2021-11-14T12:03:56.423542+00:00,0,LfNfLjkHraY,"{""text"":""skip ad""}"
Ugw9HXTOA8kuMxP93RR4AaABDqgBkOW6mgI,UC-3fVpoDor2rcvXBjD9t_GA,2021-11-14T05:12:42.260298+00:00,0,N0xw09T99Bs,"{""text"":""hamkur""}"
UgyRHwE2YAcOhCr4Rb94AaABDqgBwIrJhQI,UC-3fVpoDor2rcvXBjD9t_GA,2021-11-14T05:10:26.822474+00:00,0,N0xw09T99Bs,"{""text"":""@Abhishek Karpe kindney bech ke iphone bas ban gya piro max ultra 😂😂😂""}"
Ugy_GF_3F1os9O7I1ux4AaABDqgBoI6aiAI,UC-3fVpoDor2rcvXBjD9t_GA,2021-11-14T05:07:50.747931+00:00,0,N0xw09T99Bs,"{""text"":""apni setting btao arre game ki gande dimag walo😂😂""}"
UgzAvEqqk__QHHQG_kJ4AaABDqgBs7bhlAI,UC-3fVpoDor2rcvXBjD9t_GA,2021-11-14T05:04:25.220375+00:00,0,N0xw09T99Bs,"{""text"":""team ind amit shah sk😂😂""}"
UgxxU9-4XmSJ2tNkMSp4AaABDqgBmKO0lwI,UC-3fVpoDor2rcvXBjD9t_GA,2021-11-14T05:03:51.402146+00:00,0,N0xw09T99Bs,"{""text"":""i know you don't ignore me 🙂🙂🙂🙂🙂🙂🙂""}"
Ugwp1SldIYZjDaqQ_n54AaABDqgBqq71nwI,UC-3fVpoDor2rcvXBjD9t_GA,2021-11-14T05:01:21.983738+00:00,0,N0xw09T99Bs,"{""text"":""hemlo damjit""}"
UgxtEeWiMtpO_ERLpe54AaABDqgB-v-9mgI,UC-3fVpoDor2rcvXBjD9t_GA,2021-11-13T09:06:11.423739+00:00,0,CAXP1Uuv53Q,"{""text"":""❤️❤️❤️""}"
UgxZl-UPrHsueJ2AO7x4AaABDqgB7O-PnAI,UC-3fVpoDor2rcvXBjD9t_GA,2021-11-13T09:03:39.69119+00:00,0,CAXP1Uuv53Q,"{""text"":""twerk kardo yrr""}"
UgyDjYLBoLSGJnEAeip4AaABDqgB2r_KigI,UC-3fVpoDor2rcvXBjD9t_GA,2021-11-12T13:01:12.356065+00:00,0,WxykW1UoT-c,"{""text"":""bro i have a suggestion dor you Make a youtube channel it will help 😂😂😂😂😂😂😂""}"
Ugxh9SuQE2NCnvQQeFh4AaABDqgBxdrLngI,UC-3fVpoDor2rcvXBjD9t_GA,2021-11-12T13:00:06.290566+00:00,0,WxykW1UoT-c,"{""text"":""Grb Objective Chemistry For Neet 1St Year Programme - Examination 2020-214%off￼￼""}"
UgwsChb0ERZiq8MQYJx4AaABDqgBzqPGhQI,UC-3fVpoDor2rcvXBjD9t_GA,2021-11-12T12:58:27.17634+00:00,0,WxykW1UoT-c,"{""text"":""mai bhi mod banunga siddha bro❤️❤️🙄❤️""}"
Ugx17JnOvg_YTkozdNh4AaABDqgBzabThQI,UC-3fVpoDor2rcvXBjD9t_GA,2021-11-12T10:54:23.920444+00:00,0,nsE87VQJ7_I,"{""text"":""goldy bhai soul join karlo team #1 hi aayegi we know you are bery mach piro 😂😂😂😂😂😂❤️❤️❤️""}"
UgwO-GPCnUR9ylivt914AaABDqgB3NuHkgI,UC-3fVpoDor2rcvXBjD9t_GA,2021-11-11T05:42:49.743069+00:00,0,ONKQqgzP084,"{""text"":""game ch gaya""}"
Ugykpzcfo1XllDZc9pt4AaABDqgB7IOfmQI,UC-3fVpoDor2rcvXBjD9t_GA,2021-11-11T05:42:39.604408+00:00,0,ONKQqgzP084,"{""text"":""game chal gaya""}"
UgwPmDOJMz9_P-1iLY14AaABDqgB6eT3iAI,UC-3fVpoDor2rcvXBjD9t_GA,2021-11-11T05:40:53.909435+00:00,0,LRlnZkFhe04,"{""text"":""hydra maxtern raid""}"
Ugy0nr_EiXXHwHHhFmV4AaABDqgB6fW5nAI,UC-3fVpoDor2rcvXBjD9t_GA,2021-11-11T05:26:36.708948+00:00,0,JaFffdSVJJ0,"{""text"":""raid maxtern""}"
UgwfR9_iySByEzipISB4AaABDqgBpLbtnAI,UC-3fVpoDor2rcvXBjD9t_GA,2021-10-19T15:07:44.287533+00:00,0,JKf_kHicPyM,"{""text"":""😂😂😂😂""}"
UgxisqHk6a-fmf_YVTR4AaABDqgBrKW0mQI,UC-3fVpoDor2rcvXBjD9t_GA,2021-10-19T15:07:21.85915+00:00,0,JKf_kHicPyM,"{""text"":""😂😂😂😂😂""}"
UgyLx-HlHVQ_nJZQAbV4AaABDqgBooiOgQI,UC-3fVpoDor2rcvXBjD9t_GA,2021-10-19T15:06:47.664441+00:00,0,JKf_kHicPyM,"{""text"":""😂😂😂😂😂😂😂""}"
Ugx5PtALuYERQ4Lpoq14AaABDqgBmPHDkwI,UC-3fVpoDor2rcvXBjD9t_GA,2021-10-19T15:06:38.793258+00:00,0,JKf_kHicPyM,"{""text"":""😂😂😂😂😂""}"
Ugw6Jk8qzxH_4NRq0Bp4AaABDqgB_bHrlQI,UC-3fVpoDor2rcvXBjD9t_GA,2021-10-19T15:06:31.746645+00:00,0,JKf_kHicPyM,"{""text"":""😂😂😂😘😭😭""}"
UgyUqXbozhX_BfPYe2R4AaABDqgBqoD3iQI,UC-3fVpoDor2rcvXBjD9t_GA,2021-10-19T15:06:25.614863+00:00,0,JKf_kHicPyM,"{""text"":""😂😂😂😂😂😂""}"
Ugw-Ax4A86819B6HAuR4AaABDqgBjoSRhAI,UC-3fVpoDor2rcvXBjD9t_GA,2021-10-19T15:06:20.097007+00:00,0,JKf_kHicPyM,"{""text"":""😂😂😂😂😂""}"
UgwUBJTxrUHjtABXTBR4AaABDqgBpoqamwI,UC-3fVpoDor2rcvXBjD9t_GA,2021-10-19T15:04:16.113066+00:00,0,JKf_kHicPyM,"{""text"":""Let R be the relation on Z defined by aRbif and only if  a-b  is an even integer. Find):(i) R (ii) domain of R (iii) range of R`""}"
UgyyII2zn2Wbezn437B4AaABDqgB1IzimQI,UC-3fVpoDor2rcvXBjD9t_GA,2021-10-19T15:04:12.074036+00:00,0,JKf_kHicPyM,"{""text"":""Let R be the relation on Z defined by aRbif and only if  a-b  is an even integer. Find):(i) R (ii) domain of R (iii) range of R`""}"
UgwljgJ5mXqsyeX2xTx4AaABDqgB5djviAI,UC-3fVpoDor2rcvXBjD9t_GA,2021-10-19T15:04:07.834846+00:00,0,JKf_kHicPyM,"{""text"":""Let R be the relation on Z defined by aRbif and only if  a-b  is an even integer. Find):(i) R (ii) domain of R (iii) range of R`""}"
Ugy-SDWBd7ViNPJTbOR4AaABDqgB_tyJjAI,UC-3fVpoDor2rcvXBjD9t_GA,2021-10-19T15:03:53.572986+00:00,0,JKf_kHicPyM,"{""text"":""Let R be the relation on Z defined by aRbif and only if  a-b  is an even integer. Find):(i) R (ii) domain of R (iii) range of R`""}"
UgyvTew8tgVeL_9dASZ4AaABDqgBhq2RgQI,UC-3fVpoDor2rcvXBjD9t_GA,2021-10-19T15:03:44.431423+00:00,0,JKf_kHicPyM,"{""text"":""😂😂😂😂😂""}"
UgxTGxH5_9Sbg4hSxWB4AaABDqgB3OShkwI,UC-3fVpoDor2rcvXBjD9t_GA,2021-10-01T15:03:04.207731+00:00,0,2X6urkj0V8o,"{""text"":""hello mythpat today my b,day""}"
UgwjWf-eMjLxBlFVnPZ4AaABDqgBuaSLiQI,UC-3fVpoDor2rcvXBjD9t_GA,2021-09-29T12:04:22.752937+00:00,0,pFUzb18-gHA,"{""text"":""bgmi lite""}"
UgxYMlosC_tnBp9vFn14AaABDqgBtfbcmgI,UC-3fVpoDor2rcvXBjD9t_GA,2021-09-25T14:01:36.968485+00:00,0, -FFmilwE1qk,"{""text"":""💩💩💩💩💩💩💩💩💩💩💩💩💩💩💩💩💩💩💩💩💩💩💩💩💩💩💩💩💩💩💩💩💩💩💩💩💩💩💩💩💩💩💩💩💩💩💩💩💩💩💩💩💩💩💩💩💩💩💩💩💩💩💩💩💩💩💩💩💩💩💩💩💩💩💩💩💩💩💩💩💩💩💩💩💩💩💩💩💩💩💩💩💩💩💩💩💩💩💩💩""}"





