Live chat ID,Channel ID,Live chat create timestamp,Price,Video ID,Live chat text
UgzJdMmHLGXvQ0ukjA14AaABDqgBnP6djwI,UC-3fVpoDor2rcvXBjD9t_GA,2022-04-09T12:06:03.059676+00:00,0,AGBgsRhsibY,"{""text"":""jaaadioooooooo""}"
UgwcPuR6PxDLjqyLZOh4AaABDqgBzpaxjQI,UC-3fVpoDor2rcvXBjD9t_GA,2022-04-08T16:44:37.9663+00:00,0,zBtsDR6_ZGY,"{""text"":""150 damage dena 0adda""}"
Ugwvn2gljGmfMPt2JKl4AaABDqgBw4DsiAI,UC-3fVpoDor2rcvXBjD9t_GA,2022-04-03T12:39:36.555058+00:00,0,uU5tWQA5IyY,"{""text"":""woh padhikarne gya hai""}"
Ugz-AjWaImlW_Wd20xJ4AaABDqgBmKjnkgI,UC-3fVpoDor2rcvXBjD9t_GA,2022-04-03T12:37:25.065102+00:00,0,uU5tWQA5IyY,"{""text"":""Gid camping""}"
UgwO9BvhmWCyXGvOmYB4AaABDqgB1KeNhgI,UC-3fVpoDor2rcvXBjD9t_GA,2022-04-03T06:55:54.70952+00:00,0,22zNobhfz0Q,"{""text"":""kanya guffa mein aayo""}"
Ugysgv89dP5jjl4uj6J4AaABDqgBj7qqlwI,UC-3fVpoDor2rcvXBjD9t_GA,2022-04-02T14:36:51.400101+00:00,0,3ZpzdPYjh00,"{""text"":""scrims mein 5 lakhs nahin milte bachhho 😂😂😂🤣😂🤣😂🤣😂🤣😂🤣🐕🐕🐕🐕🐕🐕🐕🐕🐕🐕""}"
Ugxfn8Ad4FhW3MsXp4p4AaABDqgBpcWbkwI,UC-3fVpoDor2rcvXBjD9t_GA,2022-04-01T15:28:17.288679+00:00,0,O9Npj_ohBwY,"{""text"":""thanku aman""}"
UgxZr3G1_8gJx-9Oyjx4AaABDqgBy5CqhgI,UC-3fVpoDor2rcvXBjD9t_GA,2022-04-01T14:39:23.187635+00:00,0,O9Npj_ohBwY,"{""text"":""🚀🚀🚀🚀🚀🚀🚀""}"
UgxHA1Edyfo8dLq7my54AaABDqgB6aeniAI,UC-3fVpoDor2rcvXBjD9t_GA,2022-04-01T14:35:47.342505+00:00,0,O9Npj_ohBwY,"{""text"":""23 op😆😆😂😆😂😆😂""}"
UgzFk1--CxhIdMrlgY94AaABDqgB4svokAI,UC-3fVpoDor2rcvXBjD9t_GA,2022-04-01T13:44:25.977368+00:00,0,O9Npj_ohBwY,"{""text"":""#20 domination""}"
UgypdIxDSHjoAdwT1494AaABDqgBpIv5nQI,UC-3fVpoDor2rcvXBjD9t_GA,2022-04-01T12:36:12.147006+00:00,0,O9Npj_ohBwY,"{""text"":""nt""}"
Ugzb58tHlUGRPVUs8Qd4AaABDqgB373JgQI,UC-3fVpoDor2rcvXBjD9t_GA,2022-04-01T12:26:05.178669+00:00,0,O9Npj_ohBwY,"{""text"":""neyooo ko gulaabi nahin melegi""}"
UgwMYEAMugvPI3gY_m14AaABDqgBkqOnlgI,UC-3fVpoDor2rcvXBjD9t_GA,2022-04-01T12:23:14.062271+00:00,0,O9Npj_ohBwY,"{""text"":""✖️⭕❌⭕❌⭕""}"
UgzcdusEJC8cps99U914AaABDqgB0MWHjQI,UC-3fVpoDor2rcvXBjD9t_GA,2022-04-01T12:20:06.821785+00:00,0,O9Npj_ohBwY,"{""text"":""neyoo hotel mein table saaf kar""}"
Ugw46GcjR5QZa2a0G4t4AaABDqgB95rFmwI,UC-3fVpoDor2rcvXBjD9t_GA,2022-04-01T12:18:48.437689+00:00,0,O9Npj_ohBwY,"{""text"":""neyoo ko padhao""}"
Ugyqe3G_mHSJILa1Chh4AaABDqgBoLfwkwI,UC-3fVpoDor2rcvXBjD9t_GA,2022-04-01T12:17:08.930702+00:00,0,O9Npj_ohBwY,"{""text"":""s8ul💚💙💚💙💚💙❤️""}"
Ugzmw-ekHNhN7QpuSUt4AaABDqgBrcSWlwI,UC-3fVpoDor2rcvXBjD9t_GA,2022-04-01T12:15:53.055469+00:00,0,O9Npj_ohBwY,"{""text"":""Jhonny is best player but neyooo anapad""}"
UgxkZzVAHmVO95zUOeR4AaABDqgByNXOjwI,UC-3fVpoDor2rcvXBjD9t_GA,2022-04-01T12:14:27.670355+00:00,0,O9Npj_ohBwY,"{""text"":""muth""}"
UgzEZphlEXMcFkMLhWF4AaABDqgB2PKxnAI,UC-3fVpoDor2rcvXBjD9t_GA,2022-04-01T12:12:31.20439+00:00,0,O9Npj_ohBwY,"{""text"":""educationforneyooo""}"
UgwPq_Q9a-bD4ZN97mV4AaABDqgB8MO6hQI,UC-3fVpoDor2rcvXBjD9t_GA,2022-04-01T06:26:28.88053+00:00,0,lug6KRq-bpM,"{""text"":""hacker""}"
Ugw0HLAnZ0RSmH8pCSN4AaABDqgBvcG6jAI,UC-3fVpoDor2rcvXBjD9t_GA,2022-03-30T15:01:46.122221+00:00,0,z3WrYqzRcgc,"{""text"":"""",""emoji"":{""customEmojiUrl"":""https://yt3.googleusercontent.com/GNlYksfXWRO37_6fjVWfMacmr4bcfxdOICSagRJtYSEZwzAMVU-BydB9qQWugBX7x1zvpNh_Cg""}}"
UgzBQ_TiEmhdPldvGmh4AaABDqgB6uGRmQI,UC-3fVpoDor2rcvXBjD9t_GA,2022-03-29T10:48:36.454241+00:00,0,vSvxGmFsAhA,"{""text"":""sid for bmoc""}"
Ugy5DJHLPbWYWwBig1Z4AaABDqgBt86DlwI,UC-3fVpoDor2rcvXBjD9t_GA,2022-03-28T17:59:58.98612+00:00,0,3diS6rFfrKw,"{""text"":""ok bhai ignore""}"
UgzwePe6ZvacaYmQVm94AaABDqgBkPfonwI,UC-3fVpoDor2rcvXBjD9t_GA,2022-03-28T17:59:11.88616+00:00,0,3diS6rFfrKw,"{""text"":""aman wants wife""}"
UgxB8k_YhmW5lws-7CF4AaABDqgBoJHYiQI,UC-3fVpoDor2rcvXBjD9t_GA,2022-03-28T17:57:22.608411+00:00,0,3diS6rFfrKw,"{""text"":""aman. wants wife""}"
Ugzr9cNwp1zBAIh5m1N4AaABDqgBjNO_kQI,UC-3fVpoDor2rcvXBjD9t_GA,2022-03-27T16:26:31.327651+00:00,0,BOSIvpbWO-s,"{""text"":""event""}"
UgxTaCjMVwmisNPc-ul4AaABDqgB8qeOiwI,UC-3fVpoDor2rcvXBjD9t_GA,2022-03-27T14:08:19.283942+00:00,0,zIZgmv-30aU,"{""text"":""use soul lantern""}"
Ugyvffr3YV_M_AZ4TKh4AaABDqgB74K-iQI,UC-3fVpoDor2rcvXBjD9t_GA,2022-03-27T12:49:30.467908+00:00,0,zIZgmv-30aU,"{""text"":""mamna spent 1.5 lakh on lambo""}"
UgzQAk9ELijhMcfIbOt4AaABDqgBiKujggI,UC-3fVpoDor2rcvXBjD9t_GA,2022-03-27T12:43:01.704622+00:00,0,zIZgmv-30aU,"{""text"":""🌚🌚🌚""}"
UgzZR8G_lGZM6Kp7sMl4AaABDqgB2vzdhgI,UC-3fVpoDor2rcvXBjD9t_GA,2022-03-21T12:59:29.772821+00:00,0,brPwnpt6HhI,"{""text"":""mortal wants wife""}"
Ugx8D20aYWbTef9qi6N4AaABDqgB2IvWggI,UC-3fVpoDor2rcvXBjD9t_GA,2022-03-19T07:08:28.214262+00:00,0,HYQUji0wNsU,"{""text"":""guuuuu""}"
Ugzxz8YmHHi8xM7Z_tt4AaABDqgBs8T4jAI,UC-3fVpoDor2rcvXBjD9t_GA,2022-03-13T14:21:28.094629+00:00,0,S-YyC9It04w,"{""text"":""mera paper hai chemistry ka""}"
UgzP80MHs9qRxtpg10R4AaABDqgB_PmdhgI,UC-3fVpoDor2rcvXBjD9t_GA,2022-03-12T12:51:41.938714+00:00,0,BRDjgqZqmgM,"{""text"":""loda dikhado""}"
UgzQPdLDReMatwvJ_gF4AaABDqgBkNHBjQI,UC-3fVpoDor2rcvXBjD9t_GA,2022-03-07T11:31:06.734401+00:00,0,Rak_9a_Jbl0,"{""text"":""thug""}"
UgyZ4AZ2flLnfDzk2op4AaABDqgBrYe4kAI,UC-3fVpoDor2rcvXBjD9t_GA,2022-03-07T11:30:29.235639+00:00,0,Rak_9a_Jbl0,"{""text"":""mafia aapke carrier ke liye khatra banata jaa raa hai""}"
Ugz-vHr8edCvUwZIjtR4AaABDqgBpf3PmQI,UC-3fVpoDor2rcvXBjD9t_GA,2022-03-03T17:15:03.279113+00:00,0,gqu8irNKUV8,"{""text"":""k18 army""}"
Ugwb8fcIIb-06eyZFcJ4AaABDqgBi-KvhgI,UC-3fVpoDor2rcvXBjD9t_GA,2022-03-03T16:16:53.64876+00:00,0,e-a8GdW2hq0,"{""text"":""fake""}"
UgylU2zHkLOzivmwS6R4AaABDqgBiZDGkgI,UC-3fVpoDor2rcvXBjD9t_GA,2022-03-03T16:08:18.946805+00:00,0,e-a8GdW2hq0,"{""text"":""295""}"
UgwBGziIFL2MYuLSwkd4AaABDqgBgI-TjwI,UC-3fVpoDor2rcvXBjD9t_GA,2022-03-03T16:07:42.758014+00:00,0,e-a8GdW2hq0,"{""text"":""295""}"
UgxGVij5zwDi2VYoUeh4AaABDqgBh6PXmAI,UC-3fVpoDor2rcvXBjD9t_GA,2022-02-14T11:37:04.603264+00:00,0,euyQPH-H9zQ,"{""text"":""chi song""}"
UgzFd7sjfCu_eriGNYh4AaABDqgBp42ElQI,UC-3fVpoDor2rcvXBjD9t_GA,2022-02-13T15:37:01.982938+00:00,0,gJPH0BDewfA,"{""text"":""jod""}"
Ugwk1PbwgoW7N-KS7Fl4AaABDqgBytT7nAI,UC-3fVpoDor2rcvXBjD9t_GA,2022-02-11T18:58:34.850666+00:00,0,FkNFycGz-tE,"{""text"":""mia khalifa or fyxxs""}"
UgzUXkacb7042oChVtR4AaABDqgBzqWgkAI,UC-3fVpoDor2rcvXBjD9t_GA,2022-02-08T16:25:11.939038+00:00,0,T5gwWwrlpzI,"{""text"":""🚀🚀🚀🚀🚀🚀""}"
UgyUHYEXe5qguGWmg2t4AaABDqgB9Nf1jQI,UC-3fVpoDor2rcvXBjD9t_GA,2022-02-08T16:13:06.017797+00:00,0,T5gwWwrlpzI,"{""text"":""emotional Damage""}"
UgxVqNCmL7Q-3npPAwh4AaABDqgBgI7uhwI,UC-3fVpoDor2rcvXBjD9t_GA,2022-02-08T16:05:35.793543+00:00,0,T5gwWwrlpzI,"{""text"":""🚀🚀🚀🚀🚀""}"
UgyA9t0eBFMfN_bJToZ4AaABDqgBwbTxjwI,UC-3fVpoDor2rcvXBjD9t_GA,2022-02-08T16:03:08.219039+00:00,0,T5gwWwrlpzI,"{""text"":""Daaru op""}"
UgxE90Nkr2ZerKqAspV4AaABDqgBmfG4mwI,UC-3fVpoDor2rcvXBjD9t_GA,2022-02-08T16:02:35.512912+00:00,0,T5gwWwrlpzI,"{""text"":""🚀🚀🚀🚀🚀🚀🚀""}"
Ugxh6fK5b_NqJ4TVutV4AaABDqgB2PfriAI,UC-3fVpoDor2rcvXBjD9t_GA,2022-02-08T15:59:00.539834+00:00,0,T5gwWwrlpzI,"{""text"":""daru ppe ke ayay hai sacaout""}"
Ugx8zNk1DeEDkM49GnN4AaABDqgB_svJlgI,UC-3fVpoDor2rcvXBjD9t_GA,2022-02-08T15:45:22.261005+00:00,0,T5gwWwrlpzI,"{""text"":""😂😂😂""}"
Ugwg0VlkjZO0OrXnf1h4AaABDqgBxruBngI,UC-3fVpoDor2rcvXBjD9t_GA,2022-02-08T15:27:22.846899+00:00,0,jCV8kJxqi-Y,"{""text"":""-""}"
UgxIDQOEIkOJC2eBWbV4AaABDqgB7eH-ngI,UC-3fVpoDor2rcvXBjD9t_GA,2022-02-04T18:38:23.708061+00:00,0,SEOvoTZeKJE,"{""text"":""krutika said chotu to uska.....""}"
Ugw4V753WcUd-gc8l4N4AaABDqgBo83_mQI,UC-3fVpoDor2rcvXBjD9t_GA,2022-02-01T13:36:39.498031+00:00,0,L92KwIslD8I,"{""text"":""😂😂😂""}"
UgwjgIKHTrzWbTxdfzZ4AaABDqgB-cDKmgI,UC-3fVpoDor2rcvXBjD9t_GA,2022-01-26T15:04:59.560477+00:00,0,2noq3TaJQ4U,"{""text"":""7888""}"
UgxujkTQP_y4eIbBo_J4AaABDqgBk6ixnQI,UC-3fVpoDor2rcvXBjD9t_GA,2022-01-23T16:34:34.505964+00:00,0,Vv9q4c2k2_4,"{""text"":""7MARMY""}"
UgwxdV_J-hffIOvPRtt4AaABDqgBvam6gwI,UC-3fVpoDor2rcvXBjD9t_GA,2022-01-23T16:33:14.14778+00:00,0,Vv9q4c2k2_4,"{""text"":""7MARMY""}"
Ugx0gErf5LXPyF4t0N54AaABDqgBxqvckQI,UC-3fVpoDor2rcvXBjD9t_GA,2022-01-23T16:33:08.514797+00:00,0,Vv9q4c2k2_4,"{""text"":""7MARMY""}"
Ugz1R6q6PnCkToFIeqh4AaABDqgBw-OOnAI,UC-3fVpoDor2rcvXBjD9t_GA,2022-01-23T16:30:05.647878+00:00,0,Vv9q4c2k2_4,"{""text"":""S8UL""}"
UgybsZ41x2vhH8is22J4AaABDqgB5_OfmQI,UC-3fVpoDor2rcvXBjD9t_GA,2022-01-23T16:29:12.027798+00:00,0,Vv9q4c2k2_4,"{""text"":""S8UL""}"
UgzBXCEDVPbVqZ59mQh4AaABDqgBsprfmgI,UC-3fVpoDor2rcvXBjD9t_GA,2022-01-23T16:28:20.987815+00:00,0,Vv9q4c2k2_4,"{""text"":""S8UL""}"
Ugzo4N_67D4VfK6z7a54AaABDqgBiP_8mQI,UC-3fVpoDor2rcvXBjD9t_GA,2022-01-23T16:28:06.242231+00:00,0,Vv9q4c2k2_4,"{""text"":""S8UL""}"
Ugw93lWR9MdLHHAJMHF4AaABDqgBndDZjAI,UC-3fVpoDor2rcvXBjD9t_GA,2022-01-23T16:26:20.856497+00:00,0,Vv9q4c2k2_4,"{""text"":""S8UL""}"
UgzpCf30MhnCpz9AeW54AaABDqgBn8HZjAI,UC-3fVpoDor2rcvXBjD9t_GA,2022-01-23T16:26:11.824209+00:00,0,Vv9q4c2k2_4,"{""text"":""S8UL""}"
UgysBKoI5beipsb_CpN4AaABDqgB-cfBiwI,UC-3fVpoDor2rcvXBjD9t_GA,2022-01-23T16:24:43.259976+00:00,0,Vv9q4c2k2_4,"{""text"":""S8UL""}"
UgyFEHpH1YiQKngBfbd4AaABDqgBocPsngI,UC-3fVpoDor2rcvXBjD9t_GA,2022-01-23T16:22:30.672038+00:00,0,Vv9q4c2k2_4,"{""text"":""BoomBam""}"
UgycKxC1rm3avbV0ygF4AaABDqgByszMlAI,UC-3fVpoDor2rcvXBjD9t_GA,2022-01-23T16:21:38.452621+00:00,0,Vv9q4c2k2_4,"{""text"":""BoomBam""}"
Ugw-mVSf9tCP7XvH1Pp4AaABDqgB9afxjgI,UC-3fVpoDor2rcvXBjD9t_GA,2022-01-23T16:20:23.791528+00:00,0,Vv9q4c2k2_4,"{""text"":""BoomBam""}"
Ugxaba3KMI7e2mp3S194AaABDqgB7fWFhwI,UC-3fVpoDor2rcvXBjD9t_GA,2022-01-23T15:57:32.001808+00:00,0,Vv9q4c2k2_4,"{""text"":""#7MILLIONFORMORTAL""}"
UgxcfsYCJGuP31-xKKN4AaABDqgB-PHtmgI,UC-3fVpoDor2rcvXBjD9t_GA,2022-01-23T15:55:32.079994+00:00,0,Vv9q4c2k2_4,"{""text"":""#7MILLIONFORMORTAL""}"
UgxMR28SHkQi4iJnThR4AaABDqgBsYvmggI,UC-3fVpoDor2rcvXBjD9t_GA,2022-01-23T15:50:51.488155+00:00,0,Vv9q4c2k2_4,"{""text"":""#7MILLIONFORMORTAL""}"
Ugy2GJaD22DZlmtKSQh4AaABDqgBoaCDmwI,UC-3fVpoDor2rcvXBjD9t_GA,2022-01-23T15:49:05.602652+00:00,0,Vv9q4c2k2_4,"{""text"":""#7MILLIONFORMORTAL""}"
Ugz6zK86V3Fz--nlBwJ4AaABDqgB1vrJiwI,UC-3fVpoDor2rcvXBjD9t_GA,2022-01-23T15:43:45.490861+00:00,0,Vv9q4c2k2_4,"{""text"":""#7MILLIONFORMORTAL""}"
Ugyals-_a3OXnlW0BD54AaABDqgB6LngkAI,UC-3fVpoDor2rcvXBjD9t_GA,2022-01-23T15:40:01.504512+00:00,0,Vv9q4c2k2_4,"{""text"":""plaese stop the slow mode""}"
UgyWUcbjHAuau_hGMbp4AaABDqgB6pfTmQI,UC-3fVpoDor2rcvXBjD9t_GA,2022-01-23T15:38:11.73078+00:00,0,Vv9q4c2k2_4,"{""text"":""#7MILLIONFORMORTAL""}"
UgxseJpBDYNcWgLhPY54AaABDqgByIm8igI,UC-3fVpoDor2rcvXBjD9t_GA,2022-01-23T15:36:04.922767+00:00,0,Vv9q4c2k2_4,"{""text"":""#7MILLIONFORMORTAL""}"
Ugzj6OdljTN8bx4m68R4AaABDqgB8K_NgQI,UC-3fVpoDor2rcvXBjD9t_GA,2022-01-23T15:34:22.674309+00:00,0,Vv9q4c2k2_4,"{""text"":""slow mode band karo""}"
Ugxen-gFpPjyEUgQsDB4AaABDqgBy-OAkQI,UC-3fVpoDor2rcvXBjD9t_GA,2022-01-23T11:59:28.149541+00:00,0,hbbaEj_zCBg,"{""text"":""100k done""}"
UgwNLYd2SIDEhuCUflV4AaABDqgBqq-tmQI,UC-3fVpoDor2rcvXBjD9t_GA,2022-01-23T11:49:03.17471+00:00,0,hbbaEj_zCBg,"{""text"":""Godl op""}"
Ugy3Ss8XaEVs_b29llh4AaABDqgBhKGInwI,UC-3fVpoDor2rcvXBjD9t_GA,2022-01-23T11:48:24.611488+00:00,0,hbbaEj_zCBg,"{""text"":""@Shaa Please don't spam 😆😆😆""}"
Ugww1xEiJtquNIr-hy14AaABDqgBjYvglgI,UC-3fVpoDor2rcvXBjD9t_GA,2022-01-23T11:41:48.003073+00:00,0,hbbaEj_zCBg,"{""text"":""#7MFORMORTAL""}"
UgzU9LXfbuTfwHDYGyt4AaABDqgByv_5hQI,UC-3fVpoDor2rcvXBjD9t_GA,2022-01-23T11:41:43.902686+00:00,0,hbbaEj_zCBg,"{""text"":""#7MFORMORTAL""}"
Ugx0646tLv1w30sUmWd4AaABDqgBkeT3lgI,UC-3fVpoDor2rcvXBjD9t_GA,2022-01-23T11:41:42.17372+00:00,0,hbbaEj_zCBg,"{""text"":""#7MFORMORTAL""}"
UgwOWJNEacpqKMD3K5Z4AaABDqgBg5qWkwI,UC-3fVpoDor2rcvXBjD9t_GA,2022-01-23T11:41:40.310255+00:00,0,hbbaEj_zCBg,"{""text"":""#7MFORMORTAL""}"
UgxuCXjr6TWH-wiGht94AaABDqgBx47ZhwI,UC-3fVpoDor2rcvXBjD9t_GA,2022-01-23T11:41:23.318012+00:00,0,hbbaEj_zCBg,"{""text"":""#7MFORMORTAL""}"
Ugy8x-Nu7nrfTxYvAPN4AaABDqgB_uiXggI,UC-3fVpoDor2rcvXBjD9t_GA,2022-01-23T11:41:14.409391+00:00,0,hbbaEj_zCBg,"{""text"":""#7MFORMORTAL""}"
Ugxob9F6i70qvPGLiJp4AaABDqgB_vLjnAI,UC-3fVpoDor2rcvXBjD9t_GA,2022-01-23T11:40:58.226124+00:00,0,hbbaEj_zCBg,"{""text"":""#7MFORMORTAL""}"
UgzCeFHwoJ1tHlmPVMd4AaABDqgBqJzQlAI,UC-3fVpoDor2rcvXBjD9t_GA,2022-01-23T11:40:54.579763+00:00,0,hbbaEj_zCBg,"{""text"":""#7MFORMORTAL""}"
UgwfqJhva_R_CsepqJN4AaABDqgB7ZGtjAI,UC-3fVpoDor2rcvXBjD9t_GA,2022-01-23T11:40:52.667914+00:00,0,hbbaEj_zCBg,"{""text"":""#7MFORMORTAL""}"
UgzmJ2GnMFxoKaFVq-B4AaABDqgByf3wggI,UC-3fVpoDor2rcvXBjD9t_GA,2022-01-23T11:40:51.150956+00:00,0,hbbaEj_zCBg,"{""text"":""#7MFORMORTAL""}"
Ugz4axaw7uFVzLjSJZR4AaABDqgB5qiXjQI,UC-3fVpoDor2rcvXBjD9t_GA,2022-01-23T11:40:49.276444+00:00,0,hbbaEj_zCBg,"{""text"":""#7MFORMORTAL""}"
Ugzf5iK8c_DVz9paK8l4AaABDqgBgOHIiwI,UC-3fVpoDor2rcvXBjD9t_GA,2022-01-23T11:40:47.279075+00:00,0,hbbaEj_zCBg,"{""text"":""#7MFORMORTAL""}"
UgxvWfIJQ78iXXi3DPh4AaABDqgBz43qmgI,UC-3fVpoDor2rcvXBjD9t_GA,2022-01-23T11:40:45.66348+00:00,0,hbbaEj_zCBg,"{""text"":""#7MFORMORTAL""}"
Ugx87a7PqW0myJWvkU94AaABDqgBurGqngI,UC-3fVpoDor2rcvXBjD9t_GA,2022-01-23T11:40:43.89446+00:00,0,hbbaEj_zCBg,"{""text"":""#7MFORMORTAL""}"
UgydGmV8xHVCvGQ1nxV4AaABDqgB1OynjwI,UC-3fVpoDor2rcvXBjD9t_GA,2022-01-23T11:40:42.018183+00:00,0,hbbaEj_zCBg,"{""text"":""#7MFORMORTAL""}"
UgwF3BFKwwngqWwCP9B4AaABDqgB7sGFlwI,UC-3fVpoDor2rcvXBjD9t_GA,2022-01-23T11:40:17.056871+00:00,0,hbbaEj_zCBg,"{""text"":""#7MFORMORTAL""}"
Ugx8QiIIoxkHcKcHL4t4AaABDqgBtrSZkQI,UC-3fVpoDor2rcvXBjD9t_GA,2022-01-23T11:40:13.798071+00:00,0,hbbaEj_zCBg,"{""text"":""#7MFORMORTAL""}"
Ugz9mLqAJDy1-KYwz3l4AaABDqgBh42qggI,UC-3fVpoDor2rcvXBjD9t_GA,2022-01-23T11:40:05.384386+00:00,0,hbbaEj_zCBg,"{""text"":""#7MFORMORTAL""}"
UgwG3hzg_JbmRixmg9N4AaABDqgB7dXJjQI,UC-3fVpoDor2rcvXBjD9t_GA,2022-01-23T11:40:02.371118+00:00,0,hbbaEj_zCBg,"{""text"":""#7MFORMORTAL""}"
UgxJFs-2Zcc4uI1Ju294AaABDqgB2ueXkAI,UC-3fVpoDor2rcvXBjD9t_GA,2022-01-23T11:40:00.300562+00:00,0,hbbaEj_zCBg,"{""text"":""#7MFORMORTAL""}"
Ugx35wFUOuiSPSmcJvp4AaABDqgByY6JjgI,UC-3fVpoDor2rcvXBjD9t_GA,2022-01-23T11:39:47.560218+00:00,0,hbbaEj_zCBg,"{""text"":""#7MFORMORTAL""}"
Ugw46DucglPXzR-2jM14AaABDqgBtKj2igI,UC-3fVpoDor2rcvXBjD9t_GA,2022-01-23T11:39:43.165627+00:00,0,hbbaEj_zCBg,"{""text"":""#7MFORMORTAL""}"
UgwIkAxr6Zrko1UeKQ54AaABDqgBoPbYlAI,UC-3fVpoDor2rcvXBjD9t_GA,2022-01-23T11:39:41.069263+00:00,0,hbbaEj_zCBg,"{""text"":""#7MFORMORTAL""}"
Ugw4phemH0Tz60J9TKd4AaABDqgB6aibjgI,UC-3fVpoDor2rcvXBjD9t_GA,2022-01-23T11:39:33.72633+00:00,0,hbbaEj_zCBg,"{""text"":""#7MFORMORTAL""}"
UgwVD1kxJa_tbnUz_IN4AaABDqgBiqSZgAI,UC-3fVpoDor2rcvXBjD9t_GA,2022-01-23T11:39:31.978487+00:00,0,hbbaEj_zCBg,"{""text"":""#7MFORMORTAL""}"
UgxpK00JQUvT67OqqUR4AaABDqgB2JLIgAI,UC-3fVpoDor2rcvXBjD9t_GA,2022-01-23T11:39:30.186875+00:00,0,hbbaEj_zCBg,"{""text"":""#7MFORMORTAL""}"
UgwaV4EC410X9gcZC8d4AaABDqgB9r3SkwI,UC-3fVpoDor2rcvXBjD9t_GA,2022-01-23T11:39:27.737242+00:00,0,hbbaEj_zCBg,"{""text"":""#7MFORMORTAL""}"
UgzffwdVhVpffX_E74Z4AaABDqgB4bXUhAI,UC-3fVpoDor2rcvXBjD9t_GA,2022-01-23T11:39:25.833284+00:00,0,hbbaEj_zCBg,"{""text"":""#7MFORMORTAL""}"
UgwkdX_Rl6Lc7vM4dWJ4AaABDqgBpeegigI,UC-3fVpoDor2rcvXBjD9t_GA,2022-01-23T11:39:23.838938+00:00,0,hbbaEj_zCBg,"{""text"":""#7MFORMORTAL""}"
UgzNLDMLTzcJz0bzkPV4AaABDqgB3LG4iwI,UC-3fVpoDor2rcvXBjD9t_GA,2022-01-23T11:39:22.039991+00:00,0,hbbaEj_zCBg,"{""text"":""#7MFORMORTAL""}"
UgzEUKNDWiTruSdVdyl4AaABDqgBqpbnnwI,UC-3fVpoDor2rcvXBjD9t_GA,2022-01-23T11:39:20.023897+00:00,0,hbbaEj_zCBg,"{""text"":""#7MFORMORTAL""}"
Ugzp8xf77oS1HBLAbpJ4AaABDqgBmInthQI,UC-3fVpoDor2rcvXBjD9t_GA,2022-01-23T11:39:17.133638+00:00,0,hbbaEj_zCBg,"{""text"":""#7MFORMORTAL""}"
UgyO_H9medoo3z8hk1p4AaABDqgB96yXkwI,UC-3fVpoDor2rcvXBjD9t_GA,2022-01-23T11:22:11.370089+00:00,0,hbbaEj_zCBg,"{""text"":""Naman ki hoodie pe pption of invisibility pad gya😆😆😆""}"
Ugx8v2kJks65Xo7wBPF4AaABDqgB1L2zhwI,UC-3fVpoDor2rcvXBjD9t_GA,2022-01-23T11:14:14.977537+00:00,0,hbbaEj_zCBg,"{""text"":""#7MFORMORTAL""}"
UgwNFIHSzqFfEwuPQwB4AaABDqgB4e_ungI,UC-3fVpoDor2rcvXBjD9t_GA,2022-01-23T11:13:23.420738+00:00,0,hbbaEj_zCBg,"{""text"":""#7MFORMORTAL""}"
UgzFsWruojpk9drVJft4AaABDqgB7P2bmQI,UC-3fVpoDor2rcvXBjD9t_GA,2022-01-23T11:13:21.568769+00:00,0,hbbaEj_zCBg,"{""text"":""#7MFORMORTAL""}"
Ugy_LkbI5uIM9eoMXGp4AaABDqgBqNq_mQI,UC-3fVpoDor2rcvXBjD9t_GA,2022-01-23T11:13:18.430527+00:00,0,hbbaEj_zCBg,"{""text"":""#7MFORMORTAL""}"
Ugw4ILpmmZnLqPhPWDZ4AaABDqgB7e3fiwI,UC-3fVpoDor2rcvXBjD9t_GA,2022-01-23T11:12:55.318386+00:00,0,hbbaEj_zCBg,"{""text"":""#7MFORMORTAL""}"
UgyLshjvilPRh_vA-T14AaABDqgBvaTsmgI,UC-3fVpoDor2rcvXBjD9t_GA,2022-01-23T11:12:48.740758+00:00,0,hbbaEj_zCBg,"{""text"":""#7MFORMORTAL""}"
Ugykqffan47QJZlyBgJ4AaABDqgBkoehjAI,UC-3fVpoDor2rcvXBjD9t_GA,2022-01-23T11:12:44.28127+00:00,0,hbbaEj_zCBg,"{""text"":""#7MFORMORTAL""}"
UgxNUu_KB02WItUPM0l4AaABDqgBlZCckwI,UC-3fVpoDor2rcvXBjD9t_GA,2022-01-23T11:12:40.143241+00:00,0,hbbaEj_zCBg,"{""text"":""#7MFORMORTAL""}"
UgwDmclAiex7mrCvroF4AaABDqgB46WbnAI,UC-3fVpoDor2rcvXBjD9t_GA,2022-01-23T11:12:37.532719+00:00,0,hbbaEj_zCBg,"{""text"":""#7MFORMORTAL""}"
UgxJLTH-BEfKbsLi3Sp4AaABDqgB7JmNjgI,UC-3fVpoDor2rcvXBjD9t_GA,2022-01-23T11:12:35.325976+00:00,0,hbbaEj_zCBg,"{""text"":""#7MFORMORTAL""}"
UgzFOOcT_1YEQMoHOH14AaABDqgB5tvKiQI,UC-3fVpoDor2rcvXBjD9t_GA,2022-01-23T11:12:31.501707+00:00,0,hbbaEj_zCBg,"{""text"":""#7MFORMORTAL""}"
UgwH4LozMRBO1Rml7g14AaABDqgB29yHjwI,UC-3fVpoDor2rcvXBjD9t_GA,2022-01-23T11:12:29.403693+00:00,0,hbbaEj_zCBg,"{""text"":""#7MFORMORTAL""}"
UgzEIKAFBK5qbGCLck94AaABDqgBx7eLlAI,UC-3fVpoDor2rcvXBjD9t_GA,2022-01-23T11:12:27.268148+00:00,0,hbbaEj_zCBg,"{""text"":""#7MFORMORTAL""}"
Ugz6B-SbYLumxcPHv_Z4AaABDqgBwPjpmgI,UC-3fVpoDor2rcvXBjD9t_GA,2022-01-23T11:12:25.308771+00:00,0,hbbaEj_zCBg,"{""text"":""#7MFORMORTAL""}"
UgxloPUcegU0aEL-hQp4AaABDqgBz8TggAI,UC-3fVpoDor2rcvXBjD9t_GA,2022-01-23T11:12:22.682169+00:00,0,hbbaEj_zCBg,"{""text"":""#7MFORMORTAL""}"
UgwfksUuUOmYDc7uOcZ4AaABDqgB3v7IhAI,UC-3fVpoDor2rcvXBjD9t_GA,2022-01-23T11:12:13.413308+00:00,0,hbbaEj_zCBg,"{""text"":"""",""emoji"":{""customEmojiUrl"":""https://yt3.googleusercontent.com/GNlYksfXWRO37_6fjVWfMacmr4bcfxdOICSagRJtYSEZwzAMVU-BydB9qQWugBX7x1zvpNh_Cg""}},{""text"":"""",""emoji"":{""customEmojiUrl"":""https://yt3.googleusercontent.com/GNlYksfXWRO37_6fjVWfMacmr4bcfxdOICSagRJtYSEZwzAMVU-BydB9qQWugBX7x1zvpNh_Cg""}}"
Ugzu3PNJthriwAUGQep4AaABDqgB5rrzlQI,UC-3fVpoDor2rcvXBjD9t_GA,2022-01-23T11:12:07.670464+00:00,0,hbbaEj_zCBg,"{""text"":""#7MFORMORTAL""}"
Ugz1ktoHaPiTbeB5bJB4AaABDqgBioXTlQI,UC-3fVpoDor2rcvXBjD9t_GA,2022-01-23T11:12:04.225932+00:00,0,hbbaEj_zCBg,"{""text"":""#7MFORMORTAL""}"
UgwtGIQ-mxWV1a22b9l4AaABDqgB6qTRjQI,UC-3fVpoDor2rcvXBjD9t_GA,2022-01-23T11:11:55.971794+00:00,0,hbbaEj_zCBg,"{""text"":""#7MFORMORTAL""}"
Ugy34Ndjdskuql27SIR4AaABDqgBneffiwI,UC-3fVpoDor2rcvXBjD9t_GA,2022-01-23T11:11:52.279944+00:00,0,hbbaEj_zCBg,"{""text"":""#7MFORMORTAL""}"
UgwXK-AYsH_W6NTSGFN4AaABDqgBis77hwI,UC-3fVpoDor2rcvXBjD9t_GA,2022-01-23T11:11:46.730356+00:00,0,hbbaEj_zCBg,"{""text"":""#7MFORMORTAL""}"
Ugw5S2kynKaQRoJkqXZ4AaABDqgB3uy_mgI,UC-3fVpoDor2rcvXBjD9t_GA,2022-01-23T11:11:43.505988+00:00,0,hbbaEj_zCBg,"{""text"":""#7MFORMORTAL""}"
UgzSSKTWmiO80L3r9lJ4AaABDqgBlcuTlQI,UC-3fVpoDor2rcvXBjD9t_GA,2022-01-23T11:11:41.361523+00:00,0,hbbaEj_zCBg,"{""text"":""#7MFORMORTAL""}"
UgxCZg2ax19ADEmDwch4AaABDqgB067DmQI,UC-3fVpoDor2rcvXBjD9t_GA,2022-01-23T11:11:39.212898+00:00,0,hbbaEj_zCBg,"{""text"":""#7MFORMORTAL""}"
UgznqtxKdMbdBTFv6S94AaABDqgBxvHFlQI,UC-3fVpoDor2rcvXBjD9t_GA,2022-01-23T11:11:13.198644+00:00,0,hbbaEj_zCBg,"{""text"":""#7MFORMORTAL""}"
UgxzdS6wSLeYhFLtS_x4AaABDqgB7drslAI,UC-3fVpoDor2rcvXBjD9t_GA,2022-01-23T11:10:51.167902+00:00,0,hbbaEj_zCBg,"{""text"":""#7MFORMORTAL""}"
UgxuLfNnpkpyqY-6Af54AaABDqgBzYaDlQI,UC-3fVpoDor2rcvXBjD9t_GA,2022-01-23T11:10:49.019534+00:00,0,hbbaEj_zCBg,"{""text"":""#7MFORMORTAL""}"
UgwK9FZpVuu2Vj3x5Xp4AaABDqgBmO2wiwI,UC-3fVpoDor2rcvXBjD9t_GA,2022-01-23T11:10:38.953467+00:00,0,hbbaEj_zCBg,"{""text"":""#7MFORMORTAL""}"
UgyuFMOaymEsiEYg4fh4AaABDqgB-OWcmwI,UC-3fVpoDor2rcvXBjD9t_GA,2022-01-23T11:10:36.840643+00:00,0,hbbaEj_zCBg,"{""text"":""#7MFORMORTAL""}"
UgzCJmXXu_xVBR09Vb94AaABDqgByOjbgAI,UC-3fVpoDor2rcvXBjD9t_GA,2022-01-23T11:10:28.705609+00:00,0,hbbaEj_zCBg,"{""text"":""#7MFORMORTAL""}"
Ugz4LpWy-d8E439v_8p4AaABDqgB-JmCngI,UC-3fVpoDor2rcvXBjD9t_GA,2022-01-23T11:10:25.788726+00:00,0,hbbaEj_zCBg,"{""text"":""#7MFORMORTAL""}"
UgzfKY3DklnXOyG1ETV4AaABDqgByYrwiAI,UC-3fVpoDor2rcvXBjD9t_GA,2022-01-23T11:10:22.406675+00:00,0,hbbaEj_zCBg,"{""text"":""#7MFORMORTAL""}"
Ugx4ACWn_cAw1L4mpZB4AaABDqgBq7SGgAI,UC-3fVpoDor2rcvXBjD9t_GA,2022-01-23T11:10:16.821014+00:00,0,hbbaEj_zCBg,"{""text"":""#7MFORMORTAL""}"
UgyhUTlUqUhC0go3lRB4AaABDqgBvsuNiAI,UC-3fVpoDor2rcvXBjD9t_GA,2022-01-23T11:10:12.98866+00:00,0,hbbaEj_zCBg,"{""text"":""#7MFORMORTAL""}"
UgyNRjiI5AuSzhSOoYJ4AaABDqgB69XdnwI,UC-3fVpoDor2rcvXBjD9t_GA,2022-01-23T11:10:05.083198+00:00,0,hbbaEj_zCBg,"{""text"":""#7MFORMORTAL""}"
UgxcEBYA2eXAbN4IWmB4AaABDqgB2vzsnQI,UC-3fVpoDor2rcvXBjD9t_GA,2022-01-23T11:10:00.804792+00:00,0,hbbaEj_zCBg,"{""text"":""#7MFORMORTAL""}"
UgwB6cyHUsnXCVNkzwl4AaABDqgB8rqKlgI,UC-3fVpoDor2rcvXBjD9t_GA,2022-01-23T11:09:58.327675+00:00,0,hbbaEj_zCBg,"{""text"":""#7MFORMORTAL""}"
UgyWtjUxg2zksAcabpt4AaABDqgBhs7DlwI,UC-3fVpoDor2rcvXBjD9t_GA,2022-01-23T11:09:53.076926+00:00,0,hbbaEj_zCBg,"{""text"":""#7MFORMORTAL""}"
Ugww44hIKg_UAYLwcDR4AaABDqgBrNTOnAI,UC-3fVpoDor2rcvXBjD9t_GA,2022-01-23T11:09:44.304243+00:00,0,hbbaEj_zCBg,"{""text"":""#7MFORMORTAL""}"
UgzFFT1ifAuNnktR9B54AaABDqgB4YnolgI,UC-3fVpoDor2rcvXBjD9t_GA,2022-01-23T11:09:42.32832+00:00,0,hbbaEj_zCBg,"{""text"":""#7MFORMORTAL""}"
UgxRAsdjEGj_OMpcECB4AaABDqgB8crhkgI,UC-3fVpoDor2rcvXBjD9t_GA,2022-01-23T11:09:40.481995+00:00,0,hbbaEj_zCBg,"{""text"":""#7MFORMORTAL""}"
UgwRTelfiU6tYMEERFl4AaABDqgBotzUmQI,UC-3fVpoDor2rcvXBjD9t_GA,2022-01-23T11:09:38.601441+00:00,0,hbbaEj_zCBg,"{""text"":""#7MFORMORTAL""}"
UgxzYToJMgpf6n5Kmmd4AaABDqgB8uCGkgI,UC-3fVpoDor2rcvXBjD9t_GA,2022-01-23T11:09:36.74639+00:00,0,hbbaEj_zCBg,"{""text"":""#7MFORMORTAL""}"
Ugy3CLmewGvZD2RUna54AaABDqgBvJWVkgI,UC-3fVpoDor2rcvXBjD9t_GA,2022-01-23T11:09:35.12899+00:00,0,hbbaEj_zCBg,"{""text"":""#7MFORMORTAL""}"
Ugy_ypm4CZalVOjRgAh4AaABDqgBv8uDmQI,UC-3fVpoDor2rcvXBjD9t_GA,2022-01-23T11:09:31.767991+00:00,0,hbbaEj_zCBg,"{""text"":""#7MFORMORTAL""}"
Ugzl3XwrnEwa6velIXd4AaABDqgBk6nSiAI,UC-3fVpoDor2rcvXBjD9t_GA,2022-01-23T11:09:27.637898+00:00,0,hbbaEj_zCBg,"{""text"":""#7MFORMORTAL""}"
UgyiYZGvSUvI7kuRIAV4AaABDqgBn4OujgI,UC-3fVpoDor2rcvXBjD9t_GA,2022-01-23T11:09:26.003176+00:00,0,hbbaEj_zCBg,"{""text"":""#7MFORMORTAL""}"
UgwiVWkrrB0t85uMyLJ4AaABDqgB5r2NmQI,UC-3fVpoDor2rcvXBjD9t_GA,2022-01-23T11:09:23.666938+00:00,0,hbbaEj_zCBg,"{""text"":""#7MFORMORTAL""}"
Ugx37XaTVSjEgkwOdXR4AaABDqgBiqfImAI,UC-3fVpoDor2rcvXBjD9t_GA,2022-01-22T11:33:14.357151+00:00,0,eLEvNK_6Mko,"{""text"":""!nightbot""}"
UgxU42hyyI_JhwQxBxZ4AaABDqgB0YvZgwI,UC-3fVpoDor2rcvXBjD9t_GA,2022-01-22T06:20:10.403336+00:00,0,1rssmSkTook,"{""text"":""Zink""}"
UgyFV4sxM_0j9jOVWfp4AaABDqgBid7EgQI,UC-3fVpoDor2rcvXBjD9t_GA,2022-01-22T06:17:37.952062+00:00,0,1rssmSkTook,"{""text"":""Daru op""}"
UgyCTYNOiu2SSHJFFFV4AaABDqgBpcfnlAI,UC-3fVpoDor2rcvXBjD9t_GA,2022-01-21T12:17:27.215903+00:00,0,FNbLCbqxGdU,"{""text"":""normal 13 ya 13pro or pro max""}"
UgzQTiC7jso4RJKtr9h4AaABDqgB-Iz7igI,UC-3fVpoDor2rcvXBjD9t_GA,2022-01-21T12:15:33.843547+00:00,0,FNbLCbqxGdU,"{""text"":""op""}"
UgwGBvHvA3B_-xo7VlF4AaABDqgBmJqjgAI,UC-3fVpoDor2rcvXBjD9t_GA,2022-01-21T12:15:28.711242+00:00,0,FNbLCbqxGdU,"{""text"":""55504813936""}"
UgxlA0MxV-chzxav2xp4AaABDqgB65XxmwI,UC-3fVpoDor2rcvXBjD9t_GA,2022-01-21T12:07:11.197851+00:00,0,FNbLCbqxGdU,"{""text"":""69k op""}"
UgylRjzT2hAwfL00Nsh4AaABDqgB8pm2lwI,UC-3fVpoDor2rcvXBjD9t_GA,2022-01-21T12:05:18.790661+00:00,0,FNbLCbqxGdU,"{""text"":""sub cout lagao naman""}"
Ugz2mgdpxdrS4aowNMZ4AaABDqgB3oqPgAI,UC-3fVpoDor2rcvXBjD9t_GA,2022-01-21T12:05:02.139335+00:00,0,FNbLCbqxGdU,"{""text"":""thug""}"
UgxduRQx9NKmaUvuUwB4AaABDqgBm6n1jgI,UC-3fVpoDor2rcvXBjD9t_GA,2022-01-21T12:00:14.340445+00:00,0,FNbLCbqxGdU,"{""text"":""water city""}"
UgwOy8kG1ph61t-wVaJ4AaABDqgBzdmHjQI,UC-3fVpoDor2rcvXBjD9t_GA,2022-01-21T11:58:24.614557+00:00,0,FNbLCbqxGdU,"{""text"":""vetican city""}"
UgxhQ8mEqAdJxEAVPnB4AaABDqgBxtCungI,UC-3fVpoDor2rcvXBjD9t_GA,2022-01-21T11:55:44.220219+00:00,0,FNbLCbqxGdU,"{""text"":""india india 👏👏👏""}"
UgyhBmOFM2k2L153Ypd4AaABDqgB343ojgI,UC-3fVpoDor2rcvXBjD9t_GA,2022-01-21T11:51:41.848569+00:00,0,FNbLCbqxGdU,"{""text"":""soul aggression op💚💙💚💙💚""}"
UgxxeMbaBagCjz_rDRB4AaABDqgB-57xggI,UC-3fVpoDor2rcvXBjD9t_GA,2022-01-21T11:50:45.36051+00:00,0,FNbLCbqxGdU,"{""text"":""@Jasmeet Singh ji mods are always op 😃😃😃💚💙💚""}"
Ugzai6t4nHteHNEL5GV4AaABDqgB59vTnwI,UC-3fVpoDor2rcvXBjD9t_GA,2022-01-21T11:42:09.923234+00:00,0,FNbLCbqxGdU,"{""text"":""@Narayan Raj op #webelievinsoul""}"
UgwEFEQQ2b-ZiOw25RV4AaABDqgBvob_hAI,UC-3fVpoDor2rcvXBjD9t_GA,2022-01-21T11:39:27.675611+00:00,0,FNbLCbqxGdU,"{""text"":""sid shaadi ki shopping karne gya 😆😆😆😆""}"
Ugx3EorDWewib1U3L914AaABDqgBhZLwgwI,UC-3fVpoDor2rcvXBjD9t_GA,2022-01-21T11:10:40.753773+00:00,0,FNbLCbqxGdU,"{""text"":""sid live on loco""}"
UgxaDd3lyIS5k_raFZl4AaABDqgBrvTtiAI,UC-3fVpoDor2rcvXBjD9t_GA,2022-01-21T11:10:30.326851+00:00,0,FNbLCbqxGdU,"{""text"":""pmgc""}"
Ugz0Ki6AiRXRFzw57V54AaABDqgBwvjQigI,UC-3fVpoDor2rcvXBjD9t_GA,2022-01-21T11:10:09.532009+00:00,0,FNbLCbqxGdU,"{""text"":""ste chicken""}"
Ugx1qnO7QiB-XCWy0kd4AaABDqgBubDHigI,UC-3fVpoDor2rcvXBjD9t_GA,2022-01-21T09:20:43.0874+00:00,0,aA5Qv4RWvWA,"{""text"":""m4 ki van ki""}"
UgwQS9C5OcAA6nhpDUF4AaABDqgBidvqggI,UC-3fVpoDor2rcvXBjD9t_GA,2022-01-20T16:19:44.334194+00:00,0,Dv_Jddc4WBE,"{""text"":""if this is lag then mere phone to nokia hai""}"
UgzhZOqW3MeP9UUnmoN4AaABDqgB_siQmQI,UC-3fVpoDor2rcvXBjD9t_GA,2022-01-20T16:18:34.896562+00:00,0,Dv_Jddc4WBE,"{""text"":""if r""}"
Ugyb1WHfchqK5RslaS14AaABDqgBn4zekQI,UC-3fVpoDor2rcvXBjD9t_GA,2022-01-20T15:40:14.228451+00:00,0,Dv_Jddc4WBE,"{""text"":""awm ka balatkaar ke 1 aur episode mein aapka swagat hai 😂😂😂😆😂😆""}"
UgxI9a7KKm8TdYq4jbB4AaABDqgB9PHshwI,UC-3fVpoDor2rcvXBjD9t_GA,2022-01-20T15:36:47.943336+00:00,0,uBoOIpT4044,"{""text"":""chor bazar ke maal ka flex koi nahin bolega😂😂😂🌝""}"
Ugz-0nsTXBG8xQDJpFd4AaABDqgBmrrrjAI,UC-3fVpoDor2rcvXBjD9t_GA,2022-01-20T15:34:50.453597+00:00,0,uBoOIpT4044,"{""text"":""bhai voh blue wala sweatshirt dikhana 😆😆😆""}"
Ugzb4KO299R5D3OuGAV4AaABDqgB2tP2mAI,UC-3fVpoDor2rcvXBjD9t_GA,2022-01-20T15:34:21.146635+00:00,0,uBoOIpT4044,"{""text"":""kapde ki dukaan""}"
Ugz6UXa2-10Og01ZDyB4AaABDqgBs4mzhwI,UC-3fVpoDor2rcvXBjD9t_GA,2022-01-20T15:21:32.034465+00:00,0,Dv_Jddc4WBE,"{""text"":""@mods plaese hide or ban the scammer""}"
Ugwnck0fcj0Jwp_bEo94AaABDqgBpcv6mAI,UC-3fVpoDor2rcvXBjD9t_GA,2022-01-20T15:05:40.999171+00:00,0,Dv_Jddc4WBE,"{""text"":""material redeem""}"
UgxwBDX-O9wS0DyJoNp4AaABDqgBvojWhQI,UC-3fVpoDor2rcvXBjD9t_GA,2022-01-20T14:53:27.182245+00:00,0,Dv_Jddc4WBE,"{""text"":""poll""}"
UgwX7RE3k8JlQ-2xg1F4AaABDqgBgbqAkwI,UC-3fVpoDor2rcvXBjD9t_GA,2022-01-20T14:45:55.800873+00:00,0,Dv_Jddc4WBE,"{""text"":""me""}"
Ugy831P1FS2IGPaV3rx4AaABDqgBotejggI,UC-3fVpoDor2rcvXBjD9t_GA,2022-01-20T14:45:43.294535+00:00,0,Dv_Jddc4WBE,"{""text"":""bootcamp""}"
UgzOBHTqyCRdIEDMzBV4AaABDqgB9uj0gQI,UC-3fVpoDor2rcvXBjD9t_GA,2022-01-20T14:45:07.244245+00:00,0,Dv_Jddc4WBE,"{""text"":""x Zink""}"
Ugx8RUGMfESXn_pmbO94AaABDqgB1IiciwI,UC-3fVpoDor2rcvXBjD9t_GA,2022-01-20T14:44:41.888991+00:00,0,Dv_Jddc4WBE,"{""text"":""scar l opne karo""}"
UgzA-49yJfEEFa06yLV4AaABDqgBzdrdiwI,UC-3fVpoDor2rcvXBjD9t_GA,2022-01-20T14:44:14.62695+00:00,0,Dv_Jddc4WBE,"{""text"":""new akm""}"
UgxDtuG3NUMDQCYjwr94AaABDqgBzcmUmAI,UC-3fVpoDor2rcvXBjD9t_GA,2022-01-20T12:18:08.472692+00:00,0,yq5is5J_B0s,"{""text"":""full form of ce eSports""}"
UgyEe8VLS6EN-KSqXbN4AaABDqgB57XolQI,UC-3fVpoDor2rcvXBjD9t_GA,2022-01-19T18:43:53.74772+00:00,0,gYZM9Y9aqN8,"{""text"":""dard toh hai awm ka🌝🌝😂""}"
UgyaHgBZV5-sj96VCvd4AaABDqgBldawkgI,UC-3fVpoDor2rcvXBjD9t_GA,2022-01-19T18:41:24.357851+00:00,0,gYZM9Y9aqN8,"{""text"":""@S8ULMIGHTY yup i play""}"
UgweZMZjDvKzflCkD9x4AaABDqgB19L0gQI,UC-3fVpoDor2rcvXBjD9t_GA,2022-01-19T18:37:43.689649+00:00,0,gYZM9Y9aqN8,"{""text"":""helmo @shaa""}"
UgyseYuDvQICtEh4n1h4AaABDqgB-omzjAI,UC-3fVpoDor2rcvXBjD9t_GA,2022-01-19T18:35:52.561896+00:00,0,gYZM9Y9aqN8,"{""text"":""#justice_for_daybot 😆😆😆""}"
UgxGBdGSekZ7ZloCNWB4AaABDqgBkuyuhQI,UC-3fVpoDor2rcvXBjD9t_GA,2022-01-19T18:34:38.175114+00:00,0,gYZM9Y9aqN8,"{""text"":""nahin hota esa kuch nahin hota 😆😆😆""}"
UgxvkiyEo6La5yZ8vVx4AaABDqgB0ff8mgI,UC-3fVpoDor2rcvXBjD9t_GA,2022-01-19T18:32:41.342583+00:00,0,gYZM9Y9aqN8,"{""text"":""low day ka ball""}"





