Live chat ID,Channel ID,Live chat create timestamp,Price,Video ID,Live chat text
UgzLzSYMdJbxL8qza714AaABDqgBstTJiQI,UC-3fVpoDor2rcvXBjD9t_GA,2022-01-19T18:31:36.242196+00:00,0,gYZM9Y9aqN8,"{""text"":""bro game name😆😆""}"
Ugy6yf2KDxlyDravmLd4AaABDqgB3_-xngI,UC-3fVpoDor2rcvXBjD9t_GA,2022-01-19T18:30:15.133441+00:00,0,gYZM9Y9aqN8,"{""text"":""numun where is ur glacier""}"
UgxyBf96KS1oUYOLI954AaABDqgB0PWinwI,UC-3fVpoDor2rcvXBjD9t_GA,2022-01-19T18:27:59.790561+00:00,0,gYZM9Y9aqN8,"{""text"":""heylo""}"
UgwWlFa_K5SolIjfrBx4AaABDqgBitOUigI,UC-3fVpoDor2rcvXBjD9t_GA,2022-01-19T17:17:45.809274+00:00,0,ueu8FffAyAk,"{""text"":""mortal calling""}"
UgzQY1dYh5lH45FIMlF4AaABDqgB5bTRmQI,UC-3fVpoDor2rcvXBjD9t_GA,2022-01-18T16:29:03.228731+00:00,0,mpJ0yFFNTeA,"{""text"":""check my story""}"
UgxNsXHXcHPax2pceW94AaABDqgBsvDAjgI,UC-3fVpoDor2rcvXBjD9t_GA,2022-01-17T17:32:47.638328+00:00,0,bWRewVVUa4M,"{""text"":""Godl going for pmgc""}"
UgxBnp5mRANbfwk3opR4AaABDqgB-K-AkgI,UC-3fVpoDor2rcvXBjD9t_GA,2022-01-17T17:31:53.428974+00:00,0,bWRewVVUa4M,"{""text"":""bay hen kalo the""}"
UgxtccmwwqIr-62w4jR4AaABDqgBt_CokwI,UC-3fVpoDor2rcvXBjD9t_GA,2022-01-17T17:27:55.748579+00:00,0,bWRewVVUa4M,"{""text"":""end steve job for making laggy iphone jisme nipppu chacha mar ge😆😆😆""}"
UgyBGFVgarmEEopT1wx4AaABDqgB9deKiAI,UC-3fVpoDor2rcvXBjD9t_GA,2022-01-17T17:25:32.115706+00:00,0,bWRewVVUa4M,"{""text"":""godl went for pmgc guys check Jonathan story""}"
UgwNZQ2TsBJf24sd-qh4AaABDqgB7IuYiAI,UC-3fVpoDor2rcvXBjD9t_GA,2022-01-17T16:44:40.043804+00:00,0,bWRewVVUa4M,"{""text"":"",""}"
UgzGhXcb7kj_kCSkok94AaABDqgBr6uvmQI,UC-3fVpoDor2rcvXBjD9t_GA,2022-01-17T15:47:48.957803+00:00,0,bWRewVVUa4M,"{""text"":""regaaaa""}"
UgwKt40np7N788uKlUV4AaABDqgB5OGpngI,UC-3fVpoDor2rcvXBjD9t_GA,2022-01-16T15:26:37.300353+00:00,0,x13cd4PPEQY,"{""text"":""soul Jonathan""}"
UgzBUVzz3Z2Ad023_dl4AaABDqgBsoq_kgI,UC-3fVpoDor2rcvXBjD9t_GA,2022-01-16T15:16:31.83705+00:00,0,x13cd4PPEQY,"{""text"":"""",""emoji"":{""customEmojiUrl"":""https://yt3.googleusercontent.com/PxvFTxvq4NLZ6gQrBI7uMEmSQVifeFz_asgom66UR2049TxUBIB1qrd5Zw2t3ZOjU2bEE97v3Tk""}},{""text"":"""",""emoji"":{""customEmojiUrl"":""https://yt3.googleusercontent.com/PxvFTxvq4NLZ6gQrBI7uMEmSQVifeFz_asgom66UR2049TxUBIB1qrd5Zw2t3ZOjU2bEE97v3Tk""}},{""text"":"""",""emoji"":{""customEmojiUrl"":""https://yt3.googleusercontent.com/PxvFTxvq4NLZ6gQrBI7uMEmSQVifeFz_asgom66UR2049TxUBIB1qrd5Zw2t3ZOjU2bEE97v3Tk""}},{""text"":"""",""emoji"":{""customEmojiUrl"":""https://yt3.googleusercontent.com/PxvFTxvq4NLZ6gQrBI7uMEmSQVifeFz_asgom66UR2049TxUBIB1qrd5Zw2t3ZOjU2bEE97v3Tk""}},{""text"":"""",""emoji"":{""customEmojiUrl"":""https://yt3.googleusercontent.com/PxvFTxvq4NLZ6gQrBI7uMEmSQVifeFz_asgom66UR2049TxUBIB1qrd5Zw2t3ZOjU2bEE97v3Tk""}}"
Ugwiop3L7TuCxeJHsEh4AaABDqgBlv7zhgI,UC-3fVpoDor2rcvXBjD9t_GA,2022-01-16T15:10:34.408156+00:00,0,x13cd4PPEQY,"{""text"":""💚💙💚💙💚💙""}"
UgxF7A1U_3ITfqAviZV4AaABDqgBo7GUgwI,UC-3fVpoDor2rcvXBjD9t_GA,2022-01-16T12:37:27.385386+00:00,0,x13cd4PPEQY,"{""text"":""💚💙💚💙💚💙""}"
Ugx5gI1rVs1NOtK7-d14AaABDqgBkqXSgwI,UC-3fVpoDor2rcvXBjD9t_GA,2022-01-16T07:17:33.708423+00:00,0,iVKsstYehB8,"{""text"":""oh tenu""}"
Ugz3R6LfjuakazZW8AV4AaABDqgBwZSKnwI,UC-3fVpoDor2rcvXBjD9t_GA,2022-01-14T17:13:12.337699+00:00,0,kVE0iXxDgaU,"{""text"":"""",""emoji"":{""customEmojiUrl"":""https://yt3.googleusercontent.com/WI7lFDK-iUIyPScZmf1JM4oJHpuE0gerCtdo0KufLshnU10IIyClC1YTez1yeVXyQTuYrVXGL_E""}},{""text"":"""",""emoji"":{""customEmojiUrl"":""https://yt3.googleusercontent.com/PxvFTxvq4NLZ6gQrBI7uMEmSQVifeFz_asgom66UR2049TxUBIB1qrd5Zw2t3ZOjU2bEE97v3Tk""}},{""text"":"""",""emoji"":{""customEmojiUrl"":""https://yt3.googleusercontent.com/PxvFTxvq4NLZ6gQrBI7uMEmSQVifeFz_asgom66UR2049TxUBIB1qrd5Zw2t3ZOjU2bEE97v3Tk""}},{""text"":"""",""emoji"":{""customEmojiUrl"":""https://yt3.googleusercontent.com/PxvFTxvq4NLZ6gQrBI7uMEmSQVifeFz_asgom66UR2049TxUBIB1qrd5Zw2t3ZOjU2bEE97v3Tk""}}"
UgxIfTOrGJRz8zWX2D14AaABDqgBz6CGlgI,UC-3fVpoDor2rcvXBjD9t_GA,2022-01-14T10:30:36.373956+00:00,0,lwrVCiQQz8U,"{""text"":""Hello Pottyसर""}"
Ugxee1O5RSIdAQyVrZ14AaABDqgBgKH1igI,UC-3fVpoDor2rcvXBjD9t_GA,2022-01-13T13:31:53.073157+00:00,0,M2urlg8PRvk,"{""text"":""🚀🚀🚀🚀🚀🚀🚀""}"
UgzuBCfNEd5v57S-KNJ4AaABDqgBl7HWnAI,UC-3fVpoDor2rcvXBjD9t_GA,2022-01-13T10:12:44.593115+00:00,0,0OHE0xbgGyk,"{""text"":""akshu??""}"
UgzMTY07TbTDhQ4D60p4AaABDqgB69m_hQI,UC-3fVpoDor2rcvXBjD9t_GA,2022-01-12T16:23:21.768706+00:00,0,g4dRKrizUbQ,"{""text"":""zerriiii neon Khel 🌝🌝""}"
UgwETsvr957m0ATUaeN4AaABDqgBsbLMmAI,UC-3fVpoDor2rcvXBjD9t_GA,2022-01-12T08:16:56.310353+00:00,0,45_vEIVnSzM,"{""text"":""bgmi walon ne nikaal dena""}"
UgxLdXqLSQU136SAVXt4AaABDqgB76uKjQI,UC-3fVpoDor2rcvXBjD9t_GA,2022-01-12T07:49:59.586343+00:00,0,45_vEIVnSzM,"{""text"":""xspark""}"
UgxFaAuHgAlm05tkMbp4AaABDqgB_cn4igI,UC-3fVpoDor2rcvXBjD9t_GA,2022-01-11T16:06:10.336202+00:00,0, -LvgnHN_sZE,"{""text"":""soul player 0 goldy bhai hai""}"
UgyN2X0fVtVsh4pakSl4AaABDqgBoIv5hwI,UC-3fVpoDor2rcvXBjD9t_GA,2022-01-11T16:04:53.357089+00:00,0, -LvgnHN_sZE,"{""text"":""namun jaadoogar 😆😆😆""}"
UgzFoegyRpdd_51nJIp4AaABDqgBioeEgQI,UC-3fVpoDor2rcvXBjD9t_GA,2022-01-11T14:38:19.68487+00:00,0, -LvgnHN_sZE,"{""text"":""radiator ji""}"
Ugw2ahpxjYzY5qir8Rp4AaABDqgBlM-hmwI,UC-3fVpoDor2rcvXBjD9t_GA,2022-01-11T14:35:30.987162+00:00,0, -LvgnHN_sZE,"{""text"":""soul is rising""}"
Ugz9iPYGytZKC0NEoSR4AaABDqgBp77NngI,UC-3fVpoDor2rcvXBjD9t_GA,2022-01-11T14:31:25.489355+00:00,0, -LvgnHN_sZE,"{""text"":""💚💙💚💙💚💙""}"
UgyFsx-8wBAoi55fYJd4AaABDqgBvNq6hAI,UC-3fVpoDor2rcvXBjD9t_GA,2022-01-11T14:29:39.860443+00:00,0, -LvgnHN_sZE,"{""text"":""#todfod💚💙💚💙💚💙""}"
Ugxv4RBIsAxMFddnH794AaABDqgBzd2blAI,UC-3fVpoDor2rcvXBjD9t_GA,2022-01-10T16:50:20.213533+00:00,0,lec8GPUWOi8,"{""text"":""halu bottom dragger""}"
UgyJiQ3Q7-pai7YuB954AaABDqgB7sekmgI,UC-3fVpoDor2rcvXBjD9t_GA,2022-01-10T16:36:15.176795+00:00,0,lec8GPUWOi8,"{""text"":""💚💙💚💙💚💙""}"
UgzU2YVimpyJUZOLk1d4AaABDqgBlfXNhgI,UC-3fVpoDor2rcvXBjD9t_GA,2022-01-10T14:26:29.275773+00:00,0,n8BYmZ-GwvQ,"{""text"":""💚💙💚💙💚💙""}"
Ugwde9MrKAPTqx5OTDt4AaABDqgBvrXumgI,UC-3fVpoDor2rcvXBjD9t_GA,2022-01-10T14:26:15.773059+00:00,0,n8BYmZ-GwvQ,"{""text"":""💚💙💚💙💚💙""}"
Ugyl529lVlWBa9LMrQF4AaABDqgBwuqBjQI,UC-3fVpoDor2rcvXBjD9t_GA,2022-01-10T14:26:12.212279+00:00,0,n8BYmZ-GwvQ,"{""text"":""💚💙💚💙💚💙""}"
Ugx1oJ3cDuvuN1l5oj94AaABDqgB8Ku6kQI,UC-3fVpoDor2rcvXBjD9t_GA,2022-01-10T14:26:09.241973+00:00,0,n8BYmZ-GwvQ,"{""text"":""💚💙💚💙💚💙""}"
UgxjzPKIkwiyNZYiIQp4AaABDqgBpZX3ggI,UC-3fVpoDor2rcvXBjD9t_GA,2022-01-10T14:26:01.924233+00:00,0,n8BYmZ-GwvQ,"{""text"":""💚💙💚💙💚💙""}"
Ugwn5wu7838PqTW7K8x4AaABDqgBwbeSkAI,UC-3fVpoDor2rcvXBjD9t_GA,2022-01-10T14:25:59.239417+00:00,0,n8BYmZ-GwvQ,"{""text"":""💚💙💚💙💚💙""}"
Ugx7CL9ic6jOr8gQ4pB4AaABDqgBsaWIngI,UC-3fVpoDor2rcvXBjD9t_GA,2022-01-10T14:25:52.396372+00:00,0,n8BYmZ-GwvQ,"{""text"":""💚💙💚💙💚💙""}"
Ugz6dXTTl_wI3a-3nc94AaABDqgB_NzliwI,UC-3fVpoDor2rcvXBjD9t_GA,2022-01-10T14:25:50.146896+00:00,0,n8BYmZ-GwvQ,"{""text"":""💚💙💚💙💚💙""}"
UgwyBIelTZ0KKfnfPvN4AaABDqgB7dzUmQI,UC-3fVpoDor2rcvXBjD9t_GA,2022-01-10T14:25:47.300119+00:00,0,n8BYmZ-GwvQ,"{""text"":""💚💙💚💙💚💙""}"
UgxXUeYzj1dDhkbfQpd4AaABDqgBlYDIhwI,UC-3fVpoDor2rcvXBjD9t_GA,2022-01-10T14:25:45.234864+00:00,0,n8BYmZ-GwvQ,"{""text"":""💚💙💚💙💚💙""}"
UgziLSzMK6Vo8iP5EBR4AaABDqgBy6XAhgI,UC-3fVpoDor2rcvXBjD9t_GA,2022-01-10T14:25:43.517983+00:00,0,n8BYmZ-GwvQ,"{""text"":""💚💙💚💙💚💙""}"
UgyFpr24sVwPONUgGDN4AaABDqgB9JfHiAI,UC-3fVpoDor2rcvXBjD9t_GA,2022-01-10T14:25:42.050046+00:00,0,n8BYmZ-GwvQ,"{""text"":""💚💙💚💙💚💙""}"
UgwqrrT-AWP8p_MBlG94AaABDqgBt6iWigI,UC-3fVpoDor2rcvXBjD9t_GA,2022-01-10T14:25:39.430311+00:00,0,n8BYmZ-GwvQ,"{""text"":""💚💙💚💙💚💙""}"
UgxauFv0gLx1QTPuhCJ4AaABDqgB4rX2kQI,UC-3fVpoDor2rcvXBjD9t_GA,2022-01-10T14:25:37.840133+00:00,0,n8BYmZ-GwvQ,"{""text"":""💚💙💚💙💚💙""}"
UgyPtjpeIRjblW4WYl94AaABDqgBg-H4mgI,UC-3fVpoDor2rcvXBjD9t_GA,2022-01-10T14:25:35.544616+00:00,0,n8BYmZ-GwvQ,"{""text"":""💚💙💚💙💚💙""}"
Ugwx5cqWl-fhTuZLdK14AaABDqgBrcP6nwI,UC-3fVpoDor2rcvXBjD9t_GA,2022-01-10T14:25:33.957213+00:00,0,n8BYmZ-GwvQ,"{""text"":""💚💙💚💙💚💙""}"
UgzoeP45GTyAHmwfiLV4AaABDqgBptvpkAI,UC-3fVpoDor2rcvXBjD9t_GA,2022-01-10T14:25:20.041631+00:00,0,n8BYmZ-GwvQ,"{""text"":""🚀🚀🚀🚀🚀🚀""}"
Ugx_y5Eymq9ZfiY-cYl4AaABDqgBu6jwmAI,UC-3fVpoDor2rcvXBjD9t_GA,2022-01-10T12:17:19.101897+00:00,0,UPscu0qA8oE,"{""text"":""🚀🚀🚀🚀🚀""}"
Ugx2jedT6ncJ2OVr5xp4AaABDqgBzIm7gwI,UC-3fVpoDor2rcvXBjD9t_GA,2022-01-10T12:14:18.117712+00:00,0,UPscu0qA8oE,"{""text"":"""",""emoji"":{""customEmojiUrl"":""https://yt3.googleusercontent.com/PxvFTxvq4NLZ6gQrBI7uMEmSQVifeFz_asgom66UR2049TxUBIB1qrd5Zw2t3ZOjU2bEE97v3Tk""}},{""text"":"""",""emoji"":{""customEmojiUrl"":""https://yt3.googleusercontent.com/PxvFTxvq4NLZ6gQrBI7uMEmSQVifeFz_asgom66UR2049TxUBIB1qrd5Zw2t3ZOjU2bEE97v3Tk""}},{""text"":"""",""emoji"":{""customEmojiUrl"":""https://yt3.googleusercontent.com/PxvFTxvq4NLZ6gQrBI7uMEmSQVifeFz_asgom66UR2049TxUBIB1qrd5Zw2t3ZOjU2bEE97v3Tk""}},{""text"":"""",""emoji"":{""customEmojiUrl"":""https://yt3.googleusercontent.com/PxvFTxvq4NLZ6gQrBI7uMEmSQVifeFz_asgom66UR2049TxUBIB1qrd5Zw2t3ZOjU2bEE97v3Tk""}}"
Ugx_xZAYsIm-iBhsorR4AaABDqgB1IOijQI,UC-3fVpoDor2rcvXBjD9t_GA,2022-01-09T17:34:18.616445+00:00,0,O1_UMwQofdI,"{""text"":""rega real id se aayo😂😂""}"
UgzvdJio7vi9dZCTGsR4AaABDqgB2OSjkwI,UC-3fVpoDor2rcvXBjD9t_GA,2022-01-09T17:28:14.948423+00:00,0,O1_UMwQofdI,"{""text"":""thug views or paisa chhapne aaya😂😂""}"
Ugw0X5i9TR31J-w23SV4AaABDqgB2r6xkwI,UC-3fVpoDor2rcvXBjD9t_GA,2022-01-09T17:23:05.215266+00:00,0,O1_UMwQofdI,"{""text"":""-50""}"
Ugxsp-IpHtSECGUxWYF4AaABDqgBxbjYmwI,UC-3fVpoDor2rcvXBjD9t_GA,2022-01-09T17:21:54.098674+00:00,0,O1_UMwQofdI,"{""text"":""yes""}"
UgxPVRkxbPnc-t-O4C94AaABDqgB_fjAjgI,UC-3fVpoDor2rcvXBjD9t_GA,2022-01-09T15:41:31.690272+00:00,0,5oCy0oKl11U,"{""text"":""JMD 💚💙💚💙💚""}"
UgzNuk4IV5zvGyDs9ZF4AaABDqgBgvOUkwI,UC-3fVpoDor2rcvXBjD9t_GA,2022-01-09T15:41:24.091303+00:00,0,5oCy0oKl11U,"{""text"":""999""}"
UgxmogElib5QtX2_euB4AaABDqgBzpjelQI,UC-3fVpoDor2rcvXBjD9t_GA,2022-01-09T15:40:32.97419+00:00,0,Xk8aez5Qfes,"{""text"":""💚💙💚💙💚💙""}"
UgwvknpTc7ZH49J5tTZ4AaABDqgB452PlAI,UC-3fVpoDor2rcvXBjD9t_GA,2022-01-09T15:40:21.970026+00:00,0,Xk8aez5Qfes,"{""text"":""💚💙💚💙💚💙""}"
UgyW4t_9pZX4XL4eLkt4AaABDqgBifWulwI,UC-3fVpoDor2rcvXBjD9t_GA,2022-01-09T15:40:18.712373+00:00,0,Xk8aez5Qfes,"{""text"":""💚💙💚💙💚💙""}"
UgxBEVHNK1XrlX_vcvh4AaABDqgBwbrrnQI,UC-3fVpoDor2rcvXBjD9t_GA,2022-01-09T15:40:16.571229+00:00,0,Xk8aez5Qfes,"{""text"":""💚💙💚💙💚💙""}"
UgzhDJYPjRGfEAf3XuR4AaABDqgBvJ6-mAI,UC-3fVpoDor2rcvXBjD9t_GA,2022-01-09T15:40:14.107296+00:00,0,Xk8aez5Qfes,"{""text"":""💚💙💚💙💚💙""}"
UgwWqcS3eJkJXAjqM9Z4AaABDqgB0tLGkwI,UC-3fVpoDor2rcvXBjD9t_GA,2022-01-09T15:40:09.148048+00:00,0,Xk8aez5Qfes,"{""text"":""Soul forever 💗💗💗""}"
UgyxWPuUO0R7bQ6hfXd4AaABDqgBsvOwggI,UC-3fVpoDor2rcvXBjD9t_GA,2022-01-09T15:39:50.861332+00:00,0,Xk8aez5Qfes,"{""text"":""🚀🚀🚀🚀🚀💚💙💚💙💚💙""}"
UgyjDjkYh24CcU3Izi94AaABDqgB9pLIkwI,UC-3fVpoDor2rcvXBjD9t_GA,2022-01-09T15:25:37.711073+00:00,0,5oCy0oKl11U,"{""text"":""we will rule 💚💙💚💙💚💙""}"
UgwIKR5IbiFWpF6Rkqt4AaABDqgB9brfigI,UC-3fVpoDor2rcvXBjD9t_GA,2022-01-09T14:42:18.961664+00:00,0,5oCy0oKl11U,"{""text"":""🚀🚀🚀🚀🚀🚀🚀🚀""}"
UgxiQkf7d-NySneIRad4AaABDqgBqbe9mQI,UC-3fVpoDor2rcvXBjD9t_GA,2022-01-09T14:41:20.328161+00:00,0,5oCy0oKl11U,"{""text"":""🚀🚀🚀🚀🚀""}"
Ugyh4NHU4KFnESJND0l4AaABDqgBnM2imAI,UC-3fVpoDor2rcvXBjD9t_GA,2022-01-09T14:41:07.422649+00:00,0,5oCy0oKl11U,"{""text"":""JMD 💚💙💚💙💚❤️❤️❤️❤️❤️""}"
Ugwx-vZmk70pWltW6wV4AaABDqgB8r6ljwI,UC-3fVpoDor2rcvXBjD9t_GA,2022-01-09T14:40:57.04479+00:00,0,5oCy0oKl11U,"{""text"":""JMD 💚❤️❤️😀💙💙💙""}"
UgwdRlg1FU4WwwrUFz94AaABDqgB7-juiwI,UC-3fVpoDor2rcvXBjD9t_GA,2022-01-09T14:40:28.698371+00:00,0,5oCy0oKl11U,"{""text"":""💚💙💚💙💚💙""}"
Ugwcstnd2C3jeHkVrlV4AaABDqgBl_yoiAI,UC-3fVpoDor2rcvXBjD9t_GA,2022-01-09T14:40:26.538059+00:00,0,5oCy0oKl11U,"{""text"":""💚💙💚💙💚💙""}"
UgwbF4y44LVnCgqt7iN4AaABDqgBr964iAI,UC-3fVpoDor2rcvXBjD9t_GA,2022-01-09T14:40:22.635557+00:00,0,5oCy0oKl11U,"{""text"":""💚💙💚💙💚💙""}"
UgxCiyipjb-1c_mrvel4AaABDqgB59aciQI,UC-3fVpoDor2rcvXBjD9t_GA,2022-01-09T14:40:20.508884+00:00,0,5oCy0oKl11U,"{""text"":""💚💙💚💙💚💙""}"
UgxQ8YQsd0PguT4wOcl4AaABDqgBscm9mAI,UC-3fVpoDor2rcvXBjD9t_GA,2022-01-09T14:40:18.233207+00:00,0,5oCy0oKl11U,"{""text"":""💚💙💚💙💚💙""}"
UgxPh1YFxuFjCvSRqop4AaABDqgB_J7_nwI,UC-3fVpoDor2rcvXBjD9t_GA,2022-01-09T14:40:16.231917+00:00,0,5oCy0oKl11U,"{""text"":""💚💙💚💙💚💙""}"
UgxxCax1yQWxymIyOqJ4AaABDqgB77TgmQI,UC-3fVpoDor2rcvXBjD9t_GA,2022-01-09T14:40:13.012674+00:00,0,5oCy0oKl11U,"{""text"":""💚💙💚💙💚💙""}"
Ugxe0tFFnefPeeWzl7B4AaABDqgBxZTrkwI,UC-3fVpoDor2rcvXBjD9t_GA,2022-01-09T14:40:09.598576+00:00,0,5oCy0oKl11U,"{""text"":""💚💙💚💙💚💙""}"
UgxtIS3qIBhgqLYrq7x4AaABDqgBxeSkhQI,UC-3fVpoDor2rcvXBjD9t_GA,2022-01-09T14:40:04.347945+00:00,0,5oCy0oKl11U,"{""text"":""💚💙💚💙💚💙""}"
UgzqZolFgGO_7TYZe2Z4AaABDqgBwq2qjgI,UC-3fVpoDor2rcvXBjD9t_GA,2022-01-09T14:40:00.910943+00:00,0,5oCy0oKl11U,"{""text"":""💚💙💚💙💚💙""}"
UgyM4yFheiufdkU-fSd4AaABDqgB-KDYhgI,UC-3fVpoDor2rcvXBjD9t_GA,2022-01-09T14:39:56.34945+00:00,0,5oCy0oKl11U,"{""text"":""💚💙💚💙💚💙""}"
Ugxq-LRUZajO1ES5kip4AaABDqgBprSaigI,UC-3fVpoDor2rcvXBjD9t_GA,2022-01-09T14:39:10.241189+00:00,0,5oCy0oKl11U,"{""text"":""JMD 💚💙💚💙💚""}"
Ugw0MoabfrZL0aQw_CZ4AaABDqgBiMCjiAI,UC-3fVpoDor2rcvXBjD9t_GA,2022-01-09T14:38:37.217854+00:00,0,5oCy0oKl11U,"{""text"":""6kka""}"
UgzEYH2kswYjJ6nnIdl4AaABDqgBsJWehAI,UC-3fVpoDor2rcvXBjD9t_GA,2022-01-09T11:56:49.738784+00:00,0,5oCy0oKl11U,"{""text"":""🚀🚀🚀🚀🚀🚀🚀🚀9999""}"
Ugze4joEVvD0lt_h55h4AaABDqgB_a7YmAI,UC-3fVpoDor2rcvXBjD9t_GA,2022-01-09T08:23:21.61146+00:00,0,6fw_15aIojU,"{""text"":""69""}"
UgyIuWFOkVnQWfPUq-R4AaABDqgBr5fQggI,UC-3fVpoDor2rcvXBjD9t_GA,2022-01-08T17:43:43.55316+00:00,0,PqD9fD4DAg0,"{""text"":""luti blo device konsa hai💙💙""}"
UgxQwI2O4XeO7Zrv73x4AaABDqgBydmomQI,UC-3fVpoDor2rcvXBjD9t_GA,2022-01-08T16:46:13.831839+00:00,0,XrwW2K428C8,"{""text"":""🚀🚀🚀🚀🚀""}"
UgwYIOR6Z48p_1Tcvkh4AaABDqgB2ZWulQI,UC-3fVpoDor2rcvXBjD9t_GA,2022-01-08T16:43:14.877783+00:00,0,XrwW2K428C8,"{""text"":""🚀🚀🚀🚀🚀🚀🚀""}"
Ugyp11vGA0WxAD3AA-F4AaABDqgB8uDznQI,UC-3fVpoDor2rcvXBjD9t_GA,2022-01-08T16:21:37.461875+00:00,0,3Cwhg36fVkM,"{""text"":""🚀🚀🚀🚀🚀🚀""}"
UgxBPz0V8N6DnYf11HR4AaABDqgB3tSjiQI,UC-3fVpoDor2rcvXBjD9t_GA,2022-01-08T16:12:35.498831+00:00,0,3Cwhg36fVkM,"{""text"":""do you need burnol my phrend""}"
UgwDnhHxXSQwZwvtQvx4AaABDqgBxdqbmgI,UC-3fVpoDor2rcvXBjD9t_GA,2022-01-08T16:12:16.775605+00:00,0,3Cwhg36fVkM,"{""text"":""🚀🚀🚀🚀🚀""}"
UgwGz0mpH_gYfexYCSh4AaABDqgB58XajAI,UC-3fVpoDor2rcvXBjD9t_GA,2022-01-08T16:12:01.5488+00:00,0,3Cwhg36fVkM,"{""text"":""🚀🚀🚀🙌🚀""}"
Ugy8GIxc3KdCV5OxSnp4AaABDqgBhaKbmgI,UC-3fVpoDor2rcvXBjD9t_GA,2022-01-08T16:11:35.164337+00:00,0,3Cwhg36fVkM,"{""text"":""🚀🚀🚀🚀🚀""}"
Ugw2IQpinZKMgYD9J2t4AaABDqgBjqyYkQI,UC-3fVpoDor2rcvXBjD9t_GA,2022-01-08T16:11:30.291981+00:00,0,3Cwhg36fVkM,"{""text"":""🚀🚀🚀🚀🚀🚀""}"
UgzbTwp3LQjTFWMz8jR4AaABDqgB3LPIlgI,UC-3fVpoDor2rcvXBjD9t_GA,2022-01-08T16:11:26.036982+00:00,0,3Cwhg36fVkM,"{""text"":""🚀🚀🚀🚀🚀🚀🚀""}"
UgxTpD9frZ_2Q_U4XSp4AaABDqgBu-vHigI,UC-3fVpoDor2rcvXBjD9t_GA,2022-01-08T16:08:49.549454+00:00,0,3Cwhg36fVkM,"{""text"":""🚀🚀🚀🚀🚀🚀""}"
UgxBN5s2QOvAfwFBkgp4AaABDqgBh7e2jwI,UC-3fVpoDor2rcvXBjD9t_GA,2022-01-08T16:08:44.704228+00:00,0,3Cwhg36fVkM,"{""text"":""🚀🚀🚀🚀🚀🚀""}"
UgycebDMxYqUyRXOTIl4AaABDqgBir6aiQI,UC-3fVpoDor2rcvXBjD9t_GA,2022-01-08T12:40:52.912912+00:00,0,3Cwhg36fVkM,"{""text"":""🚀🚀🚀🚀🚀🚀🚀💚💙💚💙""}"
Ugz8ohu1IeR8UItzT7F4AaABDqgB7uevjwI,UC-3fVpoDor2rcvXBjD9t_GA,2022-01-08T12:40:32.494421+00:00,0,3Cwhg36fVkM,"{""text"":""🚀🚀🚀🚀🚀🚀""}"
UgzeVppRcxz0LEDjk0Z4AaABDqgB3bmphQI,UC-3fVpoDor2rcvXBjD9t_GA,2022-01-08T12:33:57.088837+00:00,0,3Cwhg36fVkM,"{""text"":""🚀🚀🚀🚀🚀🚀🚀""}"
Ugzqv8Ej_4IxrMYAw0N4AaABDqgBk8qBkQI,UC-3fVpoDor2rcvXBjD9t_GA,2022-01-07T13:56:53.78535+00:00,0, -_cIigo9OSQ,"{""text"":""🚀🚀🚀🚀🚀🚀🚀🚀""}"
Ugz-LJzxYesIB6gH-rF4AaABDqgB-rCanwI,UC-3fVpoDor2rcvXBjD9t_GA,2022-01-07T13:56:45.097332+00:00,0, -_cIigo9OSQ,"{""text"":""💚💙💚💙💚💙""}"
UgzXHiaU3kD7v50gNiJ4AaABDqgB3Y65nAI,UC-3fVpoDor2rcvXBjD9t_GA,2022-01-07T13:56:42.874506+00:00,0, -_cIigo9OSQ,"{""text"":""💚💙💚💙💚💙""}"
UgwQ6_GtbGoJBdW9Qf14AaABDqgBmPj9hgI,UC-3fVpoDor2rcvXBjD9t_GA,2022-01-07T13:56:40.328175+00:00,0, -_cIigo9OSQ,"{""text"":""💚💙💚💙💚💙""}"
Ugzht_gSit6se6WzYDx4AaABDqgB47bIggI,UC-3fVpoDor2rcvXBjD9t_GA,2022-01-07T13:56:38.104388+00:00,0, -_cIigo9OSQ,"{""text"":""💚💙💚💙💚💙""}"
Ugx4Y9WmzSPlrU05Mcd4AaABDqgBl8HtjgI,UC-3fVpoDor2rcvXBjD9t_GA,2022-01-07T13:56:35.566269+00:00,0, -_cIigo9OSQ,"{""text"":""💚💙💚💙💚💙""}"
Ugw6DlOpjOSO9RJo98V4AaABDqgB_qjojAI,UC-3fVpoDor2rcvXBjD9t_GA,2022-01-07T13:56:28.643686+00:00,0, -_cIigo9OSQ,"{""text"":""💚💙💚💙💚💙""}"
UgxQM4bPZ71Fgm9Hht54AaABDqgB3YuonAI,UC-3fVpoDor2rcvXBjD9t_GA,2022-01-07T13:56:19.943266+00:00,0, -_cIigo9OSQ,"{""text"":""💚💙💚💙💚💙""}"
UgwWHO738eLaPJAhKl14AaABDqgBrP7MhQI,UC-3fVpoDor2rcvXBjD9t_GA,2022-01-07T13:56:18.183399+00:00,0, -_cIigo9OSQ,"{""text"":""💚💙💚💙💚💙""}"
UgysQ0KsKEWr962yEQB4AaABDqgB192miwI,UC-3fVpoDor2rcvXBjD9t_GA,2022-01-07T13:56:09.74633+00:00,0, -_cIigo9OSQ,"{""text"":""💚💙💚💙💚💙""}"
Ugy9OEzfPUUA0q3nTY94AaABDqgBqqiJlgI,UC-3fVpoDor2rcvXBjD9t_GA,2022-01-07T13:56:07.808756+00:00,0, -_cIigo9OSQ,"{""text"":""💚💙💚💙💚💙""}"
Ugzo3XRsF7QBKVr5joB4AaABDqgBhuD5ngI,UC-3fVpoDor2rcvXBjD9t_GA,2022-01-07T13:42:51.665266+00:00,0, -_cIigo9OSQ,"{""text"":""💚💙💚💙💚💙""}"
UgydriRG4LgAVwuJvGx4AaABDqgB7pHvgQI,UC-3fVpoDor2rcvXBjD9t_GA,2022-01-07T13:42:48.413571+00:00,0, -_cIigo9OSQ,"{""text"":""💚💙💚💙💚💙""}"
UgzFK4c7Q3NTx1s6avd4AaABDqgBm6LHlAI,UC-3fVpoDor2rcvXBjD9t_GA,2022-01-07T13:42:46.321364+00:00,0, -_cIigo9OSQ,"{""text"":""💚💙💚💙💚💙""}"
UgykMhoNfDPJj6xCyo54AaABDqgB0YWpmwI,UC-3fVpoDor2rcvXBjD9t_GA,2022-01-07T13:42:44.127538+00:00,0, -_cIigo9OSQ,"{""text"":""💚💙💚💙💚💙""}"
Ugw8XvN7XsrirTu5KBh4AaABDqgB18TwjgI,UC-3fVpoDor2rcvXBjD9t_GA,2022-01-07T13:42:41.565232+00:00,0, -_cIigo9OSQ,"{""text"":""💚💙💚💙💚💙""}"
UgzPxjCICQ_5tgvFvZd4AaABDqgB5aThmwI,UC-3fVpoDor2rcvXBjD9t_GA,2022-01-07T13:42:37.662346+00:00,0, -_cIigo9OSQ,"{""text"":""💚💙💚💙💚💙""}"
UgwLGxrr3JFHg60Jd-h4AaABDqgB6viNngI,UC-3fVpoDor2rcvXBjD9t_GA,2022-01-07T13:42:35.474788+00:00,0, -_cIigo9OSQ,"{""text"":""💚💙💚💙💚💙""}"
UgzmKNFwpPva94-QN4Z4AaABDqgBzqLCjAI,UC-3fVpoDor2rcvXBjD9t_GA,2022-01-07T10:43:45.209569+00:00,0,ZEaGF1NXPrs,"{""text"":""🚀🚀🚀🚀🚀🚀🚀""}"
UgzGvCG-Q6TLHqsJfGZ4AaABDqgBsIj6jAI,UC-3fVpoDor2rcvXBjD9t_GA,2022-01-07T10:43:10.819353+00:00,0,ZEaGF1NXPrs,"{""text"":""💚💙💚💙💚💙""}"
UgwwE75Wlu_R-jZJ_XF4AaABDqgB1evylQI,UC-3fVpoDor2rcvXBjD9t_GA,2022-01-07T10:42:53.676866+00:00,0,ZEaGF1NXPrs,"{""text"":""💚💙💚💙💚💙""}"
UgxWlTcH1uBtxdjN2YB4AaABDqgB9J-LlgI,UC-3fVpoDor2rcvXBjD9t_GA,2022-01-07T09:58:17.617051+00:00,0,K5r2d0bNWvM,"{""text"":""❤️❤️❤️❤️❤️❤️""}"
Ugw-ZULdOZ7JNOY0z694AaABDqgBwdHllQI,UC-3fVpoDor2rcvXBjD9t_GA,2022-01-07T09:49:45.84803+00:00,0,K5r2d0bNWvM,"{""text"":""💙💚💙💙💚💙💚💙💚❤️❤️❤️😀""}"
UgwFxZf6A4FaR6xEud54AaABDqgB-NzmiQI,UC-3fVpoDor2rcvXBjD9t_GA,2022-01-07T09:48:00.339944+00:00,0,K5r2d0bNWvM,"{""text"":"""",""emoji"":{""customEmojiUrl"":""https://yt3.googleusercontent.com/QB6FHoZvRK0EhtFEg-naxMOs8HjXXCbk_ciUUIsdZKNZ3jjw9JfNVHm0idZDQ28jrvSjbBWeQw""}},{""text"":"""",""emoji"":{""customEmojiUrl"":""https://yt3.googleusercontent.com/QB6FHoZvRK0EhtFEg-naxMOs8HjXXCbk_ciUUIsdZKNZ3jjw9JfNVHm0idZDQ28jrvSjbBWeQw""}},{""text"":"""",""emoji"":{""customEmojiUrl"":""https://yt3.googleusercontent.com/QB6FHoZvRK0EhtFEg-naxMOs8HjXXCbk_ciUUIsdZKNZ3jjw9JfNVHm0idZDQ28jrvSjbBWeQw""}},{""text"":"""",""emoji"":{""customEmojiUrl"":""https://yt3.googleusercontent.com/QB6FHoZvRK0EhtFEg-naxMOs8HjXXCbk_ciUUIsdZKNZ3jjw9JfNVHm0idZDQ28jrvSjbBWeQw""}},{""text"":"""",""emoji"":{""customEmojiUrl"":""https://yt3.googleusercontent.com/QB6FHoZvRK0EhtFEg-naxMOs8HjXXCbk_ciUUIsdZKNZ3jjw9JfNVHm0idZDQ28jrvSjbBWeQw""}}"
UgxbC4VGZxWMTSuaKCV4AaABDqgBqMKjlQI,UC-3fVpoDor2rcvXBjD9t_GA,2022-01-07T09:47:40.050172+00:00,0,K5r2d0bNWvM,"{""text"":""💚💙💚💙💚💙""}"
UgyHWXOKpjkD0Wqa8Y14AaABDqgB4tbOiwI,UC-3fVpoDor2rcvXBjD9t_GA,2022-01-07T09:47:32.107861+00:00,0,K5r2d0bNWvM,"{""text"":""💚💙💚💙💚💙""}"
UgwcMqKRFa673cY4yXt4AaABDqgBzuzfgQI,UC-3fVpoDor2rcvXBjD9t_GA,2022-01-07T09:47:28.560955+00:00,0,K5r2d0bNWvM,"{""text"":""💚💙💚💙💚💙""}"
UgxJTFQ0hsj6wURymy14AaABDqgBs4fAiAI,UC-3fVpoDor2rcvXBjD9t_GA,2022-01-07T09:47:22.692782+00:00,0,K5r2d0bNWvM,"{""text"":""💚💙💚💙💚💙""}"
UgzxLcKNt5NBtmArHwN4AaABDqgBt_CFkAI,UC-3fVpoDor2rcvXBjD9t_GA,2022-01-07T09:47:19.391027+00:00,0,K5r2d0bNWvM,"{""text"":""💚💙💚💙💚💙""}"
UgwzQb1Ix8R-0GeYdyh4AaABDqgBvLuGkwI,UC-3fVpoDor2rcvXBjD9t_GA,2022-01-07T09:47:17.426608+00:00,0,K5r2d0bNWvM,"{""text"":""💚💙💚💙💚💙""}"
UgzVJapF-PuM1-jXH5R4AaABDqgB6aTFiwI,UC-3fVpoDor2rcvXBjD9t_GA,2022-01-07T09:47:12.682912+00:00,0,K5r2d0bNWvM,"{""text"":""💚💙💚💙💚💙""}"
UgzD5qIaStwg-lv76GN4AaABDqgBuPWRlgI,UC-3fVpoDor2rcvXBjD9t_GA,2022-01-07T09:33:58.881855+00:00,0,K5r2d0bNWvM,"{""text"":""😆😆😆😆""}"
UgzGIzKZXGf8NTpCsw54AaABDqgB1v3YhwI,UC-3fVpoDor2rcvXBjD9t_GA,2022-01-07T09:00:24.14254+00:00,0,k_tYdUHiGrQ,"{""text"":""nippu chacha supremacy 💚💙💚💙""}"
UgypOH1kGQVQkw60Xi14AaABDqgBsJb9hAI,UC-3fVpoDor2rcvXBjD9t_GA,2022-01-07T08:56:20.836065+00:00,0,k_tYdUHiGrQ,"{""text"":""Golu""}"
UgznXD2NM7MsQt2ro994AaABDqgBltPIgwI,UC-3fVpoDor2rcvXBjD9t_GA,2022-01-07T08:48:15.546509+00:00,0,k_tYdUHiGrQ,"{""text"":""51k likes op""}"
UgzH-3mAxWb5r__02q94AaABDqgBzpGCngI,UC-3fVpoDor2rcvXBjD9t_GA,2022-01-07T07:49:31.453588+00:00,0,k_tYdUHiGrQ,"{""text"":""lord viper""}"
UgytlV7_jirIq0r248F4AaABDqgBjdq8lgI,UC-3fVpoDor2rcvXBjD9t_GA,2022-01-07T07:48:04.136252+00:00,0,k_tYdUHiGrQ,"{""text"":""nippu chacha supremacy""}"
UgxQ__MFKfUUSiLAyr94AaABDqgB6PnnggI,UC-3fVpoDor2rcvXBjD9t_GA,2022-01-07T07:26:34.954016+00:00,0,k_tYdUHiGrQ,"{""text"":""lets goooooooo beyyyyyyyyy""}"
Ugw8_LmJZgZ2Pemt7xV4AaABDqgBv_7KgQI,UC-3fVpoDor2rcvXBjD9t_GA,2022-01-07T07:17:06.611743+00:00,0,k_tYdUHiGrQ,"{""text"":""we will rule""}"
UgwcWbu6I-T1iVuo57R4AaABDqgBpuyogwI,UC-3fVpoDor2rcvXBjD9t_GA,2022-01-07T07:15:08.754282+00:00,0,k_tYdUHiGrQ,"{""text"":""10k likes nhk""}"
Ugyenbvux3q7MacYFjd4AaABDqgBpd-ugQI,UC-3fVpoDor2rcvXBjD9t_GA,2022-01-07T05:52:12.586956+00:00,0,088xObrdJw4,"{""text"":""😆😆😆😆😆""}"
Ugz8gOVIU5HtuMUZAIJ4AaABDqgBnvSmjAI,UC-3fVpoDor2rcvXBjD9t_GA,2022-01-06T19:32:38.362863+00:00,0,ugWybZYqOro,"{""text"":""thug raid""}"
UgxDMV8XluYVEhq-2IV4AaABDqgB8v_xhAI,UC-3fVpoDor2rcvXBjD9t_GA,2022-01-06T19:25:53.703209+00:00,0,Ejfg1ev-upY,"{""text"":""best of luck thug""}"
Ugxd8rYTNFDuohnmH6t4AaABDqgB4IS-kAI,UC-3fVpoDor2rcvXBjD9t_GA,2022-01-06T18:57:19.750419+00:00,0,Ejfg1ev-upY,"{""text"":""@Shubam bro sher chalta hai kutte bhonkte hai bhonkne do😀😀💙💚💙💚""}"
UgyGSLoMQ7Jv3GqfSCl4AaABDqgByKm4hQI,UC-3fVpoDor2rcvXBjD9t_GA,2022-01-06T18:55:37.533817+00:00,0,Ejfg1ev-upY,"{""text"":""pakoda news wale aake bina baat ke views chhap rre hai""}"
UgxGwDbPC3TrSQ5EV5J4AaABDqgBus-1gwI,UC-3fVpoDor2rcvXBjD9t_GA,2022-01-06T18:50:01.804178+00:00,0,Ejfg1ev-upY,"{""text"":""mods jay. ko ban dena patt se""}"
Ugw_DPhhTtGhq86nHjV4AaABDqgB_NfVjwI,UC-3fVpoDor2rcvXBjD9t_GA,2022-01-06T18:48:21.453599+00:00,0,Ejfg1ev-upY,"{""text"":""❤️❤️❤️❤️❤️❤️""}"
UgwG4srqmIT-nC6-SPF4AaABDqgB-reghQI,UC-3fVpoDor2rcvXBjD9t_GA,2022-01-06T17:46:03.445336+00:00,0,mLIDn5CPn00,"{""text"":""soul""}"
UgzGSgCiB0rmEHFSL954AaABDqgBu-jlgAI,UC-3fVpoDor2rcvXBjD9t_GA,2022-01-06T17:18:10.17633+00:00,0,Q62poh_pWGw,"{""text"":""💚💙💚💙💚💙""}"
UgwsIy3GH7FwGlaj16N4AaABDqgB06aQiwI,UC-3fVpoDor2rcvXBjD9t_GA,2022-01-06T17:18:05.723589+00:00,0,Q62poh_pWGw,"{""text"":""💚💙💚💙💚💙""}"
UgxEDU66GoV4ZBBEIVt4AaABDqgBnom8nAI,UC-3fVpoDor2rcvXBjD9t_GA,2022-01-06T17:18:03.346765+00:00,0,Q62poh_pWGw,"{""text"":""💚💙💚💙💚💙""}"
UgzxafpYGalJ8w8J2OR4AaABDqgBj_30mwI,UC-3fVpoDor2rcvXBjD9t_GA,2022-01-06T17:18:01.228038+00:00,0,Q62poh_pWGw,"{""text"":""💚💙💚💙💚💙""}"
UgzlU20o3MXG7F_O8LR4AaABDqgBkpapiQI,UC-3fVpoDor2rcvXBjD9t_GA,2022-01-06T17:17:54.709087+00:00,0,Q62poh_pWGw,"{""text"":""💚💙💚💙💚💙""}"
Ugy9ljk9Nql3HWYvJqB4AaABDqgBqK7GlgI,UC-3fVpoDor2rcvXBjD9t_GA,2022-01-06T17:17:48.345038+00:00,0,Q62poh_pWGw,"{""text"":""💚💙💚💙💚💙""}"
UgxF0bbj2Eu4U6P9rQN4AaABDqgBvrXTgwI,UC-3fVpoDor2rcvXBjD9t_GA,2022-01-06T17:17:38.447844+00:00,0,Q62poh_pWGw,"{""text"":""💚💙💚💙💚💙""}"
UgztZGFrhzc-qdw02Qt4AaABDqgBhcGDgwI,UC-3fVpoDor2rcvXBjD9t_GA,2022-01-06T17:17:36.849014+00:00,0,Q62poh_pWGw,"{""text"":""💚💙💚💙💚💙""}"
UgyRyS6Da25WA5EG5u94AaABDqgBmv3plwI,UC-3fVpoDor2rcvXBjD9t_GA,2022-01-06T17:17:33.347172+00:00,0,Q62poh_pWGw,"{""text"":""💚💙💚💙💚💙""}"
UgxP7dei97YEp95SMlB4AaABDqgB5u2BigI,UC-3fVpoDor2rcvXBjD9t_GA,2022-01-06T17:17:31.545759+00:00,0,Q62poh_pWGw,"{""text"":""💚💙💚💙💚💙""}"
Ugw_qe3-xp2DEQswhJl4AaABDqgBy-O2mQI,UC-3fVpoDor2rcvXBjD9t_GA,2022-01-06T17:17:27.955661+00:00,0,Q62poh_pWGw,"{""text"":""💙💚💙💚💙💚💙""}"
Ugy2rxymsMn69H63lfx4AaABDqgB2drzhgI,UC-3fVpoDor2rcvXBjD9t_GA,2022-01-06T17:17:18.881539+00:00,0,Q62poh_pWGw,"{""text"":""💙💚💙💚💙💚💙""}"
Ugxvpg-8IBy7mgRcOAV4AaABDqgB7bOdiAI,UC-3fVpoDor2rcvXBjD9t_GA,2022-01-06T17:17:11.371872+00:00,0,Q62poh_pWGw,"{""text"":""soul""}"
UgwCyowvkDdxMJbwvGJ4AaABDqgB_ImehgI,UC-3fVpoDor2rcvXBjD9t_GA,2022-01-06T17:17:05.358476+00:00,0,Q62poh_pWGw,"{""text"":""ghatak and goldy bhai story""}"
Ugzgn8O8Foq49eEUVkh4AaABDqgBkO7ShQI,UC-3fVpoDor2rcvXBjD9t_GA,2022-01-06T17:16:47.933353+00:00,0,Q62poh_pWGw,"{""text"":""goldy bhai story""}"
UgxGMovVDFhM8DSxF994AaABDqgBtp-hiAI,UC-3fVpoDor2rcvXBjD9t_GA,2022-01-06T17:01:19.865397+00:00,0,zgX9_mbQA4I,"{""text"":""dudu army raid😆😆""}"
Ugwbp_sUsgsLusZvrTR4AaABDqgBoKbShQI,UC-3fVpoDor2rcvXBjD9t_GA,2022-01-06T17:00:17.430976+00:00,0,zgX9_mbQA4I,"{""text"":""❤️❤️❤️❤️❤️""}"
UgwdfChy5hVufjhWD1p4AaABDqgBrJPYmgI,UC-3fVpoDor2rcvXBjD9t_GA,2022-01-06T16:47:51.494003+00:00,0,zgX9_mbQA4I,"{""text"":""smile to dekho lounde ki😆😆""}"
UgxtAkXW9UII17UVAvd4AaABDqgBzqKzjAI,UC-3fVpoDor2rcvXBjD9t_GA,2022-01-06T16:44:38.225788+00:00,0,zgX9_mbQA4I,"{""text"":""simping challi hai chat mein ishhhh 😆😆""}"
UgzN7xUAZ0jd7wKx8eJ4AaABDqgB8-rJkgI,UC-3fVpoDor2rcvXBjD9t_GA,2022-01-06T16:43:43.69171+00:00,0,zgX9_mbQA4I,"{""text"":""JMD 💚💙💚💙""}"
UgxvHGdfqKonD8tv2Ct4AaABDqgB46DIkQI,UC-3fVpoDor2rcvXBjD9t_GA,2022-01-06T16:43:29.008091+00:00,0,zgX9_mbQA4I,"{""text"":""JMD 💚💙💚💙💚💙""}"
UgwlQUgA3f8OF2n-8wZ4AaABDqgBvaDEkwI,UC-3fVpoDor2rcvXBjD9t_GA,2022-01-06T16:39:54.768256+00:00,0,zgX9_mbQA4I,"{""text"":""can soul qualify?❤️""}"
UgyT34GIt9VLUl30QOR4AaABDqgByMjYmgI,UC-3fVpoDor2rcvXBjD9t_GA,2022-01-06T16:38:33.552021+00:00,0,zgX9_mbQA4I,"{""text"":""spammer ko time gya patt se😆😆""}"
UgyklKzbYS0eL35FzkF4AaABDqgBrLr8jQI,UC-3fVpoDor2rcvXBjD9t_GA,2022-01-06T16:37:04.511173+00:00,0,zgX9_mbQA4I,"{""text"":""neeche chle jaiye bahala ji""}"
UgzBTpm1yJKMBIP4mAJ4AaABDqgByL64mgI,UC-3fVpoDor2rcvXBjD9t_GA,2022-01-06T16:35:45.144287+00:00,0,zgX9_mbQA4I,"{""text"":""sid ki stream deka koi means abhi soul ke chance he semis mein jaane ke prey kro ❤️❤️❤️""}"
UgwWGCJDWr0m6T3qm394AaABDqgBzprZlwI,UC-3fVpoDor2rcvXBjD9t_GA,2022-01-06T12:29:31.547854+00:00,0,rjoClDeLS8w,"{""text"":""golu bolte golu 💛💛💛💛💛💛""}"
UgxtX54NPhbkB4IUguF4AaABDqgB2JPDmgI,UC-3fVpoDor2rcvXBjD9t_GA,2022-01-06T12:27:58.423779+00:00,0,rjoClDeLS8w,"{""text"":""@JONATHAN GAMING jali na teri""}"
UgwQspykb-hqkOBNQEV4AaABDqgBu7XAgAI,UC-3fVpoDor2rcvXBjD9t_GA,2022-01-06T12:27:09.982968+00:00,0,rjoClDeLS8w,"{""text"":""leaks""}"
Ugwl5gGHUi3K_jNDcNR4AaABDqgB67CUggI,UC-3fVpoDor2rcvXBjD9t_GA,2022-01-05T19:42:18.031115+00:00,0,f5TIWpuYGFQ,"{""text"":""dudu wali raid""}"
UgysxCKDOiLOgEZhk0J4AaABDqgBw4vSgAI,UC-3fVpoDor2rcvXBjD9t_GA,2022-01-05T19:34:42.813728+00:00,0,f5TIWpuYGFQ,"{""text"":""milk raid""}"
UgzWUmJwOf7RNhYTal94AaABDqgB4eaUmQI,UC-3fVpoDor2rcvXBjD9t_GA,2022-01-05T18:22:30.812259+00:00,0,f5TIWpuYGFQ,"{""text"":""Owais soul mein waapas aajaye""}"
UgyhugiqRHvz4y4SNf14AaABDqgBlvHbjAI,UC-3fVpoDor2rcvXBjD9t_GA,2022-01-05T18:04:45.665604+00:00,0,tvFfSdTV7Xw,"{""text"":""koi baat ni #soulwillruleigc""}"
UgwPjJx8nKyYkHUwYsB4AaABDqgBvafpmQI,UC-3fVpoDor2rcvXBjD9t_GA,2022-01-05T12:50:18.069816+00:00,0,gZkyKfRSrjA,"{""text"":""hakurrrr""}"
UgykiIUCs33bDTGKF7N4AaABDqgB5ISEmQI,UC-3fVpoDor2rcvXBjD9t_GA,2022-01-04T18:09:32.176384+00:00,0,uGbYtcoQsk8,"{""text"":""twerk""}"
Ugz6V3MZ9Iz-MVDQyNx4AaABDqgBr6TgjgI,UC-3fVpoDor2rcvXBjD9t_GA,2022-01-04T17:10:17.693172+00:00,0,x_OtsTq21SM,"{""text"":""tx qualified""}"
Ugxxfp1XADEUATkDq5B4AaABDqgBk9rYjgI,UC-3fVpoDor2rcvXBjD9t_GA,2022-01-04T15:23:38.36918+00:00,0,5JGD6xNcLBU,"{""text"":""@thakur beta school jayo padi karo aur fans ki spelling seekho""}"
Ugyq2rv1Hwb2Xa6KbBF4AaABDqgBy5G1igI,UC-3fVpoDor2rcvXBjD9t_GA,2022-01-04T15:21:18.635689+00:00,0,5JGD6xNcLBU,"{""text"":""TX 😀😀""}"
UgwSapbfGfonPVUrChJ4AaABDqgBpIqvjwI,UC-3fVpoDor2rcvXBjD9t_GA,2022-01-04T12:45:17.730945+00:00,0,5JGD6xNcLBU,"{""text"":""zone haakurrr hai""}"
Ugyz-svFN4UisRpesX94AaABDqgBoc-ZnAI,UC-3fVpoDor2rcvXBjD9t_GA,2022-01-04T11:21:53.995437+00:00,0,h6rrWeQe3OM,"{""text"":""viper ke saath khelo""}"
UgyIICJEw92RouzmX914AaABDqgBm-TihAI,UC-3fVpoDor2rcvXBjD9t_GA,2022-01-03T18:29:52.200408+00:00,0,XN87yh07Jh0,"{""text"":""meme reviews""}"
UgwHqhEUlBpNX7erc994AaABDqgBwsOmlgI,UC-3fVpoDor2rcvXBjD9t_GA,2022-01-03T18:16:14.098276+00:00,0,XN87yh07Jh0,"{""text"":""Gta""}"
UgxOhLAV-c2jPKiTXpB4AaABDqgBoZi7gAI,UC-3fVpoDor2rcvXBjD9t_GA,2022-01-03T18:13:08.918763+00:00,0,XN87yh07Jh0,"{""text"":""meme""}"
UgypWwqMujrYJJdt5FN4AaABDqgBkPCCiAI,UC-3fVpoDor2rcvXBjD9t_GA,2022-01-03T18:03:42.922895+00:00,0,XN87yh07Jh0,"{""text"":""nudity is not allowed""}"
UgxlT2biKU3ezrqGmMl4AaABDqgBktWEmwI,UC-3fVpoDor2rcvXBjD9t_GA,2022-01-03T17:58:28.196971+00:00,0,XN87yh07Jh0,"{""text"":""scoit ke pass shaktiyaan hai""}"
Ugx9XsH9nGqineq4kLJ4AaABDqgBtPCrggI,UC-3fVpoDor2rcvXBjD9t_GA,2022-01-03T09:44:20.51055+00:00,0,uFCoTrFGeJc,"{""text"":""Golu bolte golu 💛💛💛💛💛💛💛💛💛💛💛💛💛💛""}"
UgyT0W2Rt_BOg_OxH954AaABDqgB0O6fnQI,UC-3fVpoDor2rcvXBjD9t_GA,2022-01-03T09:43:01.027062+00:00,0,uFCoTrFGeJc,"{""text"":""golu bolte golu💛💛💛💛💛💛""}"
UgyeOgpif5GMHfkJX_Z4AaABDqgBtY6kgAI,UC-3fVpoDor2rcvXBjD9t_GA,2022-01-02T15:02:07.8394+00:00,0,mW3fc1JK4WA,"{""text"":""mothar fukka eSports""}"
UgxmY2LVbxSh6PkU-nt4AaABDqgB_LWBlgI,UC-3fVpoDor2rcvXBjD9t_GA,2022-01-02T14:37:41.686669+00:00,0,mW3fc1JK4WA,"{""text"":""hakurrrr""}"
UgzaQJTGeNcxe0sxgSV4AaABDqgBod2-hQI,UC-3fVpoDor2rcvXBjD9t_GA,2022-01-02T14:36:53.759493+00:00,0,mW3fc1JK4WA,"{""text"":""pov""}"
Ugwqo22oCI-EBECHWs14AaABDqgB-tD1jgI,UC-3fVpoDor2rcvXBjD9t_GA,2022-01-02T14:36:08.190967+00:00,0,mW3fc1JK4WA,"{""text"":""hackes""}"
UgwZM5rB3WnEfedOGr94AaABDqgB3rrogQI,UC-3fVpoDor2rcvXBjD9t_GA,2022-01-02T14:35:21.624905+00:00,0,mW3fc1JK4WA,"{""text"":""hackers""}"
Ugx2XutKiH9rEqQ1cxF4AaABDqgBr_SMhwI,UC-3fVpoDor2rcvXBjD9t_GA,2022-01-02T08:34:46.662615+00:00,0,EKvlbqWWL8c,"{""text"":""Dec""}"
UgwW4MYpYWZ-n6ZcoB54AaABDqgBkIm2kAI,UC-3fVpoDor2rcvXBjD9t_GA,2022-01-01T15:51:03.792674+00:00,0,57NkkgVIK3g,"{""text"":""chick""}"
Ugy0gO541SzVljwjmj54AaABDqgBiNbRhgI,UC-3fVpoDor2rcvXBjD9t_GA,2022-01-01T15:49:42.125055+00:00,0,numyR7FW4vQ,"{""text"":""scout live""}"





