Live chat ID,Channel ID,Live chat create timestamp,Price,Video ID,Live chat text
Ugz1w3ixsAiyPQ_bhOt4AaABDqgBke24mQI,UC-3fVpoDor2rcvXBjD9t_GA,2025-09-21T07:24:25.477438+00:00,0,RvLkZ4OfZZY,"{""text"":""Ehna lokan te kirpa karn te ehna nu matt bakshan""}"
UgzIheCOdI0mGRfPFPR4AaABDqgB-PjljgI,UC-3fVpoDor2rcvXBjD9t_GA,2025-09-21T07:23:53.240532+00:00,0,RvLkZ4OfZZY,"{""text"":""Waheguru""}"
UgxVsSpGZpbTqXEkktR4AaABDqgB9rOPlwI,UC-3fVpoDor2rcvXBjD9t_GA,2025-08-25T15:16:31.891992+00:00,0,OVw7dmS7mSc,"{""text"":""bhain gadd ti saari roti di ""}"
Ugx7B_qcAn9PzQJKO0p4AaABDqgB3IK_ngI,UC-3fVpoDor2rcvXBjD9t_GA,2024-04-02T12:38:45.875778+00:00,0,c-h4nq0Gka0,"{""text"":"""",""emoji"":{""customEmojiUrl"":""Failed to get emoji URL""}},{""text"":"""",""emoji"":{""customEmojiUrl"":""Failed to get emoji URL""}}"
Ugwysj0AMmUL9dg9vqd4AaABDqgBi8bLmwI,UC-3fVpoDor2rcvXBjD9t_GA,2024-03-03T11:52:48.811275+00:00,0,NCWjGvA_gL8,"{""text"":""MAFIAA""}"
UgwQ1NpKbRSZpI5sh0R4AaABDqgB9ePgiQI,UC-3fVpoDor2rcvXBjD9t_GA,2023-12-02T16:36:44.270821+00:00,0,nxA6_1X4jAY,"{""text"":""meow""}"
UgzP8jT7-lUPty4JV9h4AaABDqgBmIKmjgI,UC-3fVpoDor2rcvXBjD9t_GA,2023-08-29T15:55:41.518417+00:00,0,3t34keY2tlk,"{""text"":""aman""}"
UgwOEC_sKne8CJ8tYWB4AaABDqgB04aYmgI,UC-3fVpoDor2rcvXBjD9t_GA,2023-08-29T15:54:44.610611+00:00,0,3t34keY2tlk,"{""text"":""aman luv u""}"
UgxrYiKEvkb_tyrZ1Ip4AaABDqgBzbOtmQI,UC-3fVpoDor2rcvXBjD9t_GA,2023-08-29T15:45:40.849875+00:00,0,3t34keY2tlk,"{""text"":""aman needed""}"
UgyhrqdEcsRsro9bP-d4AaABDqgB3dbPiwI,UC-3fVpoDor2rcvXBjD9t_GA,2023-08-23T12:43:08.589516+00:00,0,lay2RmXla6s,"{""text"":""ye buddha boht bolta hai""}"
UgzVq-PrCWTUJPgoixZ4AaABDqgBuIegmwI,UC-3fVpoDor2rcvXBjD9t_GA,2023-08-10T08:36:02.925057+00:00,0,t1zJp9nY4xs,"{""text"":""overrated editor""}"
UgwinSC8Q0ZT0LdvMbV4AaABDqgBs7WfnwI,UC-3fVpoDor2rcvXBjD9t_GA,2023-07-23T15:24:10.923676+00:00,0,gw0hWbpd3QQ,"{""text"":""start the game""}"
Ugzd8NZ-iUzyQmhI3SN4AaABDqgB2qb4iwI,UC-3fVpoDor2rcvXBjD9t_GA,2023-07-17T18:04:35.484567+00:00,0,TcjhxmDbtGo,"{""text"":""lets go""}"
UgwfWvFruGCyzfrSwxt4AaABDqgB9svtlAI,UC-3fVpoDor2rcvXBjD9t_GA,2023-07-17T18:04:24.943672+00:00,0,TcjhxmDbtGo,"{""text"":""hello""}"
Ugy83naarkD9qmCfD454AaABDqgBqpqbngI,UC-3fVpoDor2rcvXBjD9t_GA,2023-07-17T18:03:34.784433+00:00,0,TcjhxmDbtGo,"{""text"":""letts go""}"
UgyDhX69y6ft7euTpit4AaABDqgBwYzOmQI,UC-3fVpoDor2rcvXBjD9t_GA,2023-07-16T15:58:17.62871+00:00,0,V7AfQPIADpA,"{""text"":""ARE VIPER BHAI SOUL MEIN LAMBA TIME TOH AAP THE 😂😂""}"
UgyEb_0_fV49KG3Ggnt4AaABDqgB0uKMlAI,UC-3fVpoDor2rcvXBjD9t_GA,2023-07-16T15:56:27.134338+00:00,0,V7AfQPIADpA,"{""text"":""soul mein lamba time viper bhai the🤣🤣 nunutos se jyada""}"
Ugx2V_BpKxvqKxFNjiZ4AaABDqgBzantjgI,UC-3fVpoDor2rcvXBjD9t_GA,2023-07-15T10:22:48.240942+00:00,0,FBxXRhuyblQ,"{""text"":""3:58""}"
UgzgHidr8BlqQ8_ptfF4AaABDqgB8tyomQI,UC-3fVpoDor2rcvXBjD9t_GA,2023-07-08T10:37:10.166041+00:00,0,ZHMzCE5GMbs,"{""text"":""hi""}"
Ugxqs_nerth_mVvReRV4AaABDqgB7pm1jQI,UC-3fVpoDor2rcvXBjD9t_GA,2023-07-02T18:10:33.345381+00:00,0,2AdRpKGpDVY,"{""text"":""chitda te mari 😂""}"
UgwmIXFa4dEmC2wLSZh4AaABDqgBxP7cmwI,UC-3fVpoDor2rcvXBjD9t_GA,2023-06-21T06:53:27.696533+00:00,0,M5wZhoBhES0,"{""text"":""ye random nhi hai""}"
UgytPPT9p-Gucxk6kzR4AaABDqgB9Z3zkwI,UC-3fVpoDor2rcvXBjD9t_GA,2023-06-21T06:22:06.571943+00:00,0,M5wZhoBhES0,"{""text"":""@""}"
UgwMWj5RFAURXBliNLF4AaABDqgBgOSmjAI,UC-3fVpoDor2rcvXBjD9t_GA,2023-05-29T13:35:32.613195+00:00,0,eeo-dpwv6DQ,"{""text"":""BANSHI HAII VAAAAI""}"
UgxJAyJhmLv8brHYsZt4AaABDqgBj9KBnQI,UC-3fVpoDor2rcvXBjD9t_GA,2023-05-29T13:34:44.184245+00:00,0,eeo-dpwv6DQ,"{""text"":""BANSHI HAII VAAAAI""}"
UgwKWlPsKQxaRAtjAwJ4AaABDqgBn-aaggI,UC-3fVpoDor2rcvXBjD9t_GA,2023-05-29T13:34:20.518341+00:00,0,eeo-dpwv6DQ,"{""text"":""BANSHI HAI""}"
UgxcyAIUXqLcjrXcAPB4AaABDqgBwavklgI,UC-3fVpoDor2rcvXBjD9t_GA,2023-04-06T16:09:07.851333+00:00,0,xmvWLH8ZUDk,"{""text"":""🫀""}"
UgzfAKK7RQCcCj6UQm14AaABDqgBydPdiwI,UC-3fVpoDor2rcvXBjD9t_GA,2023-04-06T16:07:38.721587+00:00,0,xmvWLH8ZUDk,"{""text"":""sugar daddy bahaliya country da concept aa jide vich kudiya munde paise aale lokan nu aavda daddy yaa boyfriend bana lende aa paise aaste 💮""}"
Ugy27w5I9Af3vsLsb7N4AaABDqgBp8SUkAI,UC-3fVpoDor2rcvXBjD9t_GA,2023-04-06T16:05:00.177274+00:00,0,xmvWLH8ZUDk,"{""text"":""say in love =pyaar naal bolo 🤣""}"
UgzW4hwac3wAGcOR3wd4AaABDqgBn9m4jwI,UC-3fVpoDor2rcvXBjD9t_GA,2023-03-07T13:45:24.531229+00:00,0,HEMRSYLUGd4,"{""text"":""🤡""}"
UgzeXcGgIwhEcEEttOR4AaABDqgBvIKYlQI,UC-3fVpoDor2rcvXBjD9t_GA,2023-03-04T11:13:12.968552+00:00,0,WaKgmrMLKEM,"{""text"":""tu mere physics de paper chon fail hon karn banega 🌞""}"
UgyOPMEdIFzz7l4FF3t4AaABDqgB4aOrlgI,UC-3fVpoDor2rcvXBjD9t_GA,2023-03-03T13:25:10.186674+00:00,0,f5Jio-OnqOs,"{""text"":""thats what she said""}"
UgxBoqNajC94nJQon4x4AaABDqgB4tjfkAI,UC-3fVpoDor2rcvXBjD9t_GA,2023-02-22T09:56:34.103356+00:00,0,9WkQLfVf_Y4,"{""text"":""SUNNY""}"
UgxI1c0erhRyPqpFPkJ4AaABDqgB5J-pnAI,UC-3fVpoDor2rcvXBjD9t_GA,2023-02-22T09:56:24.415829+00:00,0,9WkQLfVf_Y4,"{""text"":""sunny sir big fan""}"
Ugx8Z6ytI3U5uE0DcrN4AaABDqgBpamMmwI,UC-3fVpoDor2rcvXBjD9t_GA,2023-02-07T16:55:41.396528+00:00,0,7skC_MxQReM,"{""text"":""watch a tutorial 🌟🌟""}"
UgzrFNlvYYPbJtFh00F4AaABDqgBsOqqgAI,UC-3fVpoDor2rcvXBjD9t_GA,2023-02-07T15:56:16.491125+00:00,0,7skC_MxQReM,"{""text"":""burnout kro""}"
Ugy6Vy3JOpiyAMZzNMJ4AaABDqgBiqyxjQI,UC-3fVpoDor2rcvXBjD9t_GA,2023-02-07T15:40:41.012338+00:00,0,7skC_MxQReM,"{""text"":""rtatatatata""}"
UgwKEaq9pF01PekvCjZ4AaABDqgBwI6YmAI,UC-3fVpoDor2rcvXBjD9t_GA,2022-12-25T07:12:24.724181+00:00,0,Z3MeJJQrnKU,"{""text"":""Ye wale simple shoes mujhe bhi chahiye""}"
UgxCNoRTwNay31sGndx4AaABDqgBiMi9lgI,UC-3fVpoDor2rcvXBjD9t_GA,2022-12-13T09:56:30.406255+00:00,0,MOD-zOgTMbc,"{""text"":""Goldy bhai fook marke aadi ko s8ul se uda do""}"
UgwqhCckS0bP5OMZRvJ4AaABDqgBtqzcnAI,UC-3fVpoDor2rcvXBjD9t_GA,2022-12-13T09:51:35.842947+00:00,0,MOD-zOgTMbc,"{""text"":""18+""}"
UgwHHANXXtxWs63I5Kx4AaABDqgBlNrfnAI,UC-3fVpoDor2rcvXBjD9t_GA,2022-12-13T09:51:10.416662+00:00,0,MOD-zOgTMbc,"{""text"":""wtf""}"
UgxnDMYTlqjjiszW-yh4AaABDqgB45nNjgI,UC-3fVpoDor2rcvXBjD9t_GA,2022-12-13T09:50:15.035067+00:00,0,MOD-zOgTMbc,"{""text"":""tfys aadi""}"
UgwYqooGD2njQWvA-2F4AaABDqgB-8eYkQI,UC-3fVpoDor2rcvXBjD9t_GA,2022-12-11T15:50:14.730574+00:00,0,v2dasKc9-2w,"{""text"":""☕☕☕☕""}"
Ugy3ViD_qnESMxoNqxZ4AaABDqgBwuKmhAI,UC-3fVpoDor2rcvXBjD9t_GA,2022-12-11T15:50:00.576411+00:00,0,v2dasKc9-2w,"{""text"":""skip""}"
Ugy_f-3F8YgF9HnjBYB4AaABDqgBl7S9gwI,UC-3fVpoDor2rcvXBjD9t_GA,2022-12-11T15:47:41.166965+00:00,0,v2dasKc9-2w,"{""text"":"""",""emoji"":{""customEmojiUrl"":""Failed to get emoji URL""}},{""text"":"""",""emoji"":{""customEmojiUrl"":""Failed to get emoji URL""}}"
Ugzq6qU1GO7ex1ICf394AaABDqgBktvHnwI,UC-3fVpoDor2rcvXBjD9t_GA,2022-11-27T14:01:11.419722+00:00,0,uWx6SiSkORE,"{""text"":""end aadi""}"
UgwCSsy16CgIOsMLqw54AaABDqgBhK32gwI,UC-3fVpoDor2rcvXBjD9t_GA,2022-11-21T15:40:23.30443+00:00,0,dNHsCMHMUzw,"{""text"":""🔛🔝9️⃣1️⃣1️⃣""}"
UgzCbzTKLzAiKSv87ft4AaABDqgBjfTxgAI,UC-3fVpoDor2rcvXBjD9t_GA,2022-11-18T15:39:55.267592+00:00,0,3buIVnuPw_c,"{""text"":""8888""}"
Ugx8j82q7PFFIAOozbl4AaABDqgBioOEjAI,UC-3fVpoDor2rcvXBjD9t_GA,2022-11-18T15:37:57.438848+00:00,0,3buIVnuPw_c,"{""text"":""🔛🔝💸💸💸💸💸💸💸💸💸💸💸""}"
UgyK_cQwmUPnFEqpX6p4AaABDqgB4obeiQI,UC-3fVpoDor2rcvXBjD9t_GA,2022-11-18T15:37:42.435254+00:00,0,3buIVnuPw_c,"{""text"":""💸💸💸💸💸💸💸🚀🔛🔝""}"
Ugw8AyQuAhEYtzbMh5N4AaABDqgBoLbBmAI,UC-3fVpoDor2rcvXBjD9t_GA,2022-11-18T15:37:34.810274+00:00,0,3buIVnuPw_c,"{""text"":""💸💸""}"
UgyPq3LRQ7zbws0_HmZ4AaABDqgBn9-jkQI,UC-3fVpoDor2rcvXBjD9t_GA,2022-11-18T15:37:25.837799+00:00,0,3buIVnuPw_c,"{""text"":""💪🏽💪🏽💪🏽💪🏽💸💸💸""}"
UgySeaysKkmqVjMtYlB4AaABDqgBk_z9jAI,UC-3fVpoDor2rcvXBjD9t_GA,2022-11-18T15:36:30.024539+00:00,0,3buIVnuPw_c,"{""text"":"""",""emoji"":{""customEmojiUrl"":""Failed to get emoji URL""}},{""text"":"""",""emoji"":{""customEmojiUrl"":""Failed to get emoji URL""}},{""text"":"""",""emoji"":{""customEmojiUrl"":""Failed to get emoji URL""}},{""text"":"""",""emoji"":{""customEmojiUrl"":""Failed to get emoji URL""}},{""text"":"""",""emoji"":{""customEmojiUrl"":""Failed to get emoji URL""}},{""text"":"""",""emoji"":{""customEmojiUrl"":""Failed to get emoji URL""}}"
UgzQdwe6dszig_f3QgJ4AaABDqgBu7GVhgI,UC-3fVpoDor2rcvXBjD9t_GA,2022-11-18T15:34:48.897517+00:00,0,2eS-Ek-ljDM,"{""text"":"""",""emoji"":{""customEmojiUrl"":""Failed to get emoji URL""}},{""text"":"""",""emoji"":{""customEmojiUrl"":""Failed to get emoji URL""}},{""text"":"""",""emoji"":{""customEmojiUrl"":""Failed to get emoji URL""}},{""text"":"""",""emoji"":{""customEmojiUrl"":""Failed to get emoji URL""}},{""text"":"""",""emoji"":{""customEmojiUrl"":""Failed to get emoji URL""}},{""text"":"""",""emoji"":{""customEmojiUrl"":""Failed to get emoji URL""}},{""text"":"""",""emoji"":{""customEmojiUrl"":""Failed to get emoji URL""}},{""text"":"""",""emoji"":{""customEmojiUrl"":""Failed to get emoji URL""}},{""text"":"""",""emoji"":{""customEmojiUrl"":""Failed to get emoji URL""}},{""text"":"""",""emoji"":{""customEmojiUrl"":""Failed to get emoji URL""}},{""text"":"""",""emoji"":{""customEmojiUrl"":""Failed to get emoji URL""}},{""text"":"""",""emoji"":{""customEmojiUrl"":""Failed to get emoji URL""}},{""text"":"""",""emoji"":{""customEmojiUrl"":""Failed to get emoji URL""}},{""text"":"""",""emoji"":{""customEmojiUrl"":""Failed to get emoji URL""}},{""text"":"""",""emoji"":{""customEmojiUrl"":""Failed to get emoji URL""}},{""text"":"""",""emoji"":{""customEmojiUrl"":""Failed to get emoji URL""}},{""text"":"""",""emoji"":{""customEmojiUrl"":""Failed to get emoji URL""}},{""text"":"""",""emoji"":{""customEmojiUrl"":""Failed to get emoji URL""}},{""text"":"""",""emoji"":{""customEmojiUrl"":""Failed to get emoji URL""}},{""text"":"""",""emoji"":{""customEmojiUrl"":""Failed to get emoji URL""}}"
Ugzw3Kr5ZWVjsmOcLt54AaABDqgBvafMgQI,UC-3fVpoDor2rcvXBjD9t_GA,2022-11-18T15:33:36.653618+00:00,0,2eS-Ek-ljDM,"{""text"":"""",""emoji"":{""customEmojiUrl"":""Failed to get emoji URL""}},{""text"":"""",""emoji"":{""customEmojiUrl"":""Failed to get emoji URL""}},{""text"":"""",""emoji"":{""customEmojiUrl"":""Failed to get emoji URL""}},{""text"":"""",""emoji"":{""customEmojiUrl"":""Failed to get emoji URL""}},{""text"":"""",""emoji"":{""customEmojiUrl"":""Failed to get emoji URL""}},{""text"":"""",""emoji"":{""customEmojiUrl"":""Failed to get emoji URL""}},{""text"":"""",""emoji"":{""customEmojiUrl"":""Failed to get emoji URL""}},{""text"":"""",""emoji"":{""customEmojiUrl"":""Failed to get emoji URL""}},{""text"":"""",""emoji"":{""customEmojiUrl"":""Failed to get emoji URL""}}"
UgyE1Rf-VCw_iWsYN9l4AaABDqgB2-2olQI,UC-3fVpoDor2rcvXBjD9t_GA,2022-11-18T15:33:11.47427+00:00,0,2eS-Ek-ljDM,"{""text"":"""",""emoji"":{""customEmojiUrl"":""Failed to get emoji URL""}},{""text"":"""",""emoji"":{""customEmojiUrl"":""Failed to get emoji URL""}},{""text"":"""",""emoji"":{""customEmojiUrl"":""Failed to get emoji URL""}},{""text"":"""",""emoji"":{""customEmojiUrl"":""Failed to get emoji URL""}}"
UgwEsGZppBQA3Qz5YuJ4AaABDqgB-_GKmwI,UC-3fVpoDor2rcvXBjD9t_GA,2022-11-18T15:28:56.451413+00:00,0,2eS-Ek-ljDM,"{""text"":""rega ko tyfs boldo""}"
Ugw0cEh4MFonNwZCJ0R4AaABDqgB75PBiwI,UC-3fVpoDor2rcvXBjD9t_GA,2022-11-18T15:15:54.701412+00:00,0,2eS-Ek-ljDM,"{""text"":""911""}"
UgznW66LmhfMBXoF7kN4AaABDqgBkcbRjwI,UC-3fVpoDor2rcvXBjD9t_GA,2022-11-18T15:14:31.854099+00:00,0,2eS-Ek-ljDM,"{""text"":""di di di di""}"
UgzplcqxqbW_UA-F4l54AaABDqgB6_KjhQI,UC-3fVpoDor2rcvXBjD9t_GA,2022-11-18T15:14:02.87708+00:00,0,2eS-Ek-ljDM,"{""text"":""pamda""}"
UgzeNcTMf-tp7SgRH3N4AaABDqgBm_7dkgI,UC-3fVpoDor2rcvXBjD9t_GA,2022-11-14T16:41:18.061205+00:00,0,HxaahW88xeQ,"{""text"":""nt""}"
UgyKjmxjtdjzjLncBxx4AaABDqgBwuW5jQI,UC-3fVpoDor2rcvXBjD9t_GA,2022-11-14T16:41:00.135462+00:00,0,HxaahW88xeQ,"{""text"":""nt""}"
Ugz8ikNux7gXsU5WZR94AaABDqgBr7D8mAI,UC-3fVpoDor2rcvXBjD9t_GA,2022-11-14T15:51:29.97708+00:00,0,HxaahW88xeQ,"{""text"":""which earphones!!!""}"
UgyHr7wVSVBN4en19xp4AaABDqgB27SonQI,UC-3fVpoDor2rcvXBjD9t_GA,2022-11-14T15:33:52.470181+00:00,0,HxaahW88xeQ,"{""text"":""🚀🚀🚀🚀🚀🚀🚀""}"
Ugz5-agpsOw-YvaErEx4AaABDqgBir3OjAI,UC-3fVpoDor2rcvXBjD9t_GA,2022-11-14T15:33:17.236349+00:00,0,HxaahW88xeQ,"{""text"":""G""}"
UgzfGu2W5Fkc8Qi3ra94AaABDqgB8NqihgI,UC-3fVpoDor2rcvXBjD9t_GA,2022-11-13T15:24:47.020563+00:00,0,seUzPiemNFo,"{""text"":""BIDIIIIIIIIIIIIIII""}"
UgxP8Jmya3h-08_e9094AaABDqgBoM7bnwI,UC-3fVpoDor2rcvXBjD9t_GA,2022-11-11T16:04:29.564292+00:00,0,Eg_mxoCdajE,"{""text"":""goldy bha man with golden dicki""}"
UgypAwkUUU0nueSKmJV4AaABDqgB-_banwI,UC-3fVpoDor2rcvXBjD9t_GA,2022-11-11T16:04:11.351986+00:00,0,Eg_mxoCdajE,"{""text"":""Goldy bhai man with golden g""}"
Ugxjp4ITiGHLiJtS_4t4AaABDqgBndqjlwI,UC-3fVpoDor2rcvXBjD9t_GA,2022-11-11T16:02:35.015264+00:00,0,Eg_mxoCdajE,"{""text"":""GOLDY BHAI MAN WITH GOLDEN DCIK""}"
UgxnNO_hegqemBbguc14AaABDqgB4_aigwI,UC-3fVpoDor2rcvXBjD9t_GA,2022-11-10T15:46:15.691701+00:00,0,VmQRP1TBNgI,"{""text"":""Mavi with his technical issues 🙇🙇""}"
UgwgRdG8i-WoGit6u254AaABDqgBhMrekQI,UC-3fVpoDor2rcvXBjD9t_GA,2022-11-10T15:40:45.913811+00:00,0,VmQRP1TBNgI,"{""text"":""kale kapne mein mota patala lagta hai""}"
Ugwi2NoqvMt6lFtuyO94AaABDqgBy6mHmwI,UC-3fVpoDor2rcvXBjD9t_GA,2022-11-10T15:39:33.38064+00:00,0,VmQRP1TBNgI,"{""text"":""Vaar gana suniya""}"
UgxPgerZAdEOneEspYt4AaABDqgB2tSjnwI,UC-3fVpoDor2rcvXBjD9t_GA,2022-10-31T11:34:28.723883+00:00,0,m6BV6jcRg6c,"{""text"":""bidi opp""}"
UgyGoSdZUohsIHx8JHJ4AaABDqgBuKLikAI,UC-3fVpoDor2rcvXBjD9t_GA,2022-10-28T14:44:05.351538+00:00,0,iizCr48SmD0,"{""text"":""k18 opppp""}"
UgyABw1kqIs0n0T9Gnd4AaABDqgBsa61nwI,UC-3fVpoDor2rcvXBjD9t_GA,2022-10-16T16:04:07.221343+00:00,0,8uStOuyb-ms,"{""text"":""🍊🤣👓🍊🤣👓🍊🤣👓🍊🤣👓🍊💙😅😍😆💩🥺😅💦😭👓📍😭👓🤣😶🥺😂😅💦😂😶🍊👓🤣🍊😭👓😅🤩🤩🌜🍊😍😶💦😍💙💙🥺😍💙💦😂😶💦🤣😶🍊🤣👓📍💢🌚🤫😶""}"
UgzW6_-3M_xljs-Iiyp4AaABDqgBl9GjjwI,UC-3fVpoDor2rcvXBjD9t_GA,2022-10-16T16:03:46.070335+00:00,0,8uStOuyb-ms,"{""text"":""5=959549549594.64921924.64.34931.6464=64.54=5464=4931931931=191%239192+921 3631 31 31996493%1 2""}"
UgyqEZ8V2-ld87Xa3414AaABDqgB-aCqhAI,UC-3fVpoDor2rcvXBjD9t_GA,2022-10-16T16:03:31.230484+00:00,0,8uStOuyb-ms,"{""text"":""ch""}"
UgzebIqTlf8bxVGqJjV4AaABDqgB34PNmwI,UC-3fVpoDor2rcvXBjD9t_GA,2022-10-16T16:03:29.228013+00:00,0,8uStOuyb-ms,"{""text"":""zub""}"
UgzOQtu3pa0WlZrS-6Z4AaABDqgBwenNlwI,UC-3fVpoDor2rcvXBjD9t_GA,2022-10-16T16:03:26.475186+00:00,0,8uStOuyb-ms,"{""text"":""JJ""}"
UgyvXyoYkSUjcUAr4lh4AaABDqgBsPi4ggI,UC-3fVpoDor2rcvXBjD9t_GA,2022-10-16T16:03:21.264908+00:00,0,8uStOuyb-ms,"{""text"":""zuck""}"
Ugwc_qjlxU7T7pgvNUp4AaABDqgB49vwiwI,UC-3fVpoDor2rcvXBjD9t_GA,2022-10-16T15:57:04.673775+00:00,0,8uStOuyb-ms,"{""text"":""coz i am the raaja""}"
UgxUN5rNPaFx3U2MvzV4AaABDqgB9P-LgwI,UC-3fVpoDor2rcvXBjD9t_GA,2022-10-16T15:56:07.716841+00:00,0,A-OQlMltPLo,"{""text"":""iff you have VANCED Youtube pres 1 😂""}"
Ugy8NBiKTlRCoHX1kGp4AaABDqgB8_OihQI,UC-3fVpoDor2rcvXBjD9t_GA,2022-10-12T15:33:22.462637+00:00,0,NkgcRYadlKg,"{""text"":""no among us today 😣😣""}"
Ugyp926ZkZP6jazvR-d4AaABDqgBoK6VkgI,UC-3fVpoDor2rcvXBjD9t_GA,2022-10-08T15:27:51.502654+00:00,0,h85mUQU3pkQ,"{""text"":""hi""}"
UgwV_szpCZ1hNlVGODd4AaABDqgB6IauiAI,UC-3fVpoDor2rcvXBjD9t_GA,2022-10-08T15:25:59.934367+00:00,0,h85mUQU3pkQ,"{""text"":""mjhn""}"
UgxAd5APBDgXjshz9CV4AaABDqgBlP7skwI,UC-3fVpoDor2rcvXBjD9t_GA,2022-10-03T17:28:15.167693+00:00,0,xPXUV8sF4ek,"{""text"":""malkin jeeti""}"
Ugws4klGdLp7H8bwEix4AaABDqgBmayykQI,UC-3fVpoDor2rcvXBjD9t_GA,2022-10-03T17:10:03.708685+00:00,0,xPXUV8sF4ek,"{""text"":""98""}"
UgwB4dQEoX9zE29C5Op4AaABDqgB4ZbrhgI,UC-3fVpoDor2rcvXBjD9t_GA,2022-10-03T16:16:23.248526+00:00,0,xPXUV8sF4ek,"{""text"":""mortal ko badnaam karne wala game hihuhih""}"
UgwoS0o1G2FXwrOcUSl4AaABDqgB6O_olQI,UC-3fVpoDor2rcvXBjD9t_GA,2022-10-03T16:11:11.732934+00:00,0,xPXUV8sF4ek,"{""text"":""makeup oppp""}"
UgxsYpUZMdS7MlwPdWJ4AaABDqgBuqv_igI,UC-3fVpoDor2rcvXBjD9t_GA,2022-10-03T16:08:36.731204+00:00,0,xPXUV8sF4ek,"{""text"":""malkin lha hai""}"
UgwudjuUyVkirEEtJPx4AaABDqgB9M6WmQI,UC-3fVpoDor2rcvXBjD9t_GA,2022-10-02T17:11:16.788725+00:00,0,LXtVio0MWxc,"{""text"":""joddddd""}"
Ugz68T970c7aue-L4pt4AaABDqgBtsTDmgI,UC-3fVpoDor2rcvXBjD9t_GA,2022-09-29T16:41:12.225579+00:00,0,WMVMXNPRAjM,"{""text"":""GHOST KI ULT HAI HUNT HOGAA""}"
UgzzE-fUbe-AMtxQ7CJ4AaABDqgBqsiLjQI,UC-3fVpoDor2rcvXBjD9t_GA,2022-09-29T16:39:17.994604+00:00,0,WMVMXNPRAjM,"{""text"":""jinn hoga for sureeeeee""}"
UgwJDFkspGhV3zixKFt4AaABDqgBr7jbkgI,UC-3fVpoDor2rcvXBjD9t_GA,2022-09-28T17:26:52.361755+00:00,0,0JQIpkfKlcg,"{""text"":""viper vent kiya engineer hai 😂😂""}"
Ugy7jhDTcp0wP1pANkp4AaABDqgB5ZaajwI,UC-3fVpoDor2rcvXBjD9t_GA,2022-09-28T17:12:27.115378+00:00,0,0JQIpkfKlcg,"{""text"":""b long pe cursed mirror hai 😂😂😂""}"
Ugy6xJKr4K7dQP5abMR4AaABDqgBpoa_nwI,UC-3fVpoDor2rcvXBjD9t_GA,2022-09-28T17:09:59.489184+00:00,0,0JQIpkfKlcg,"{""text"":""walls ke through maar ri hai banshee hogi""}"
UgzHSoMIq9u6BJov_K14AaABDqgBn-PvhgI,UC-3fVpoDor2rcvXBjD9t_GA,2022-09-28T17:09:19.362742+00:00,0,0JQIpkfKlcg,"{""text"":""reyna ki sanity low hai""}"
UgyAF4awkHRYAE2W1c54AaABDqgB4Iu6ggI,UC-3fVpoDor2rcvXBjD9t_GA,2022-09-28T17:08:52.185494+00:00,0,0JQIpkfKlcg,"{""text"":""Off""}"
UgyFkpmYByBSVqmS3WR4AaABDqgBzbuIiAI,UC-3fVpoDor2rcvXBjD9t_GA,2022-09-28T17:08:40.836825+00:00,0,0JQIpkfKlcg,"{""text"":""professional mein aisa hi hota hai""}"
UgwfxlK3GvgnimX2L-94AaABDqgBmbXtlgI,UC-3fVpoDor2rcvXBjD9t_GA,2022-09-28T17:07:01.027627+00:00,0,0JQIpkfKlcg,"{""text"":""BABLU KI REAL LIFE MEIN SANITY LOW HAI""}"
Ugw7GtQOeQETJq2kvCZ4AaABDqgB58jZhAI,UC-3fVpoDor2rcvXBjD9t_GA,2022-09-28T17:05:18.817659+00:00,0,0JQIpkfKlcg,"{""text"":""Bhit tez Bbhaaga Revnent hoga""}"
UgwVTwthEFdOoX-u4X94AaABDqgB8_f-jAI,UC-3fVpoDor2rcvXBjD9t_GA,2022-09-28T17:04:06.189427+00:00,0,0JQIpkfKlcg,"{""text"":""Ghost ki ult hai hunt hoga 😂😂""}"
UgxlHwEjDaYSW240O1d4AaABDqgBttHygAI,UC-3fVpoDor2rcvXBjD9t_GA,2022-09-28T17:02:03.182152+00:00,0,0JQIpkfKlcg,"{""text"":""Bhai baahut tez hai jettt hoga""}"
UgxA9rhSQEomgLnIW-14AaABDqgB-P-6ggI,UC-3fVpoDor2rcvXBjD9t_GA,2022-09-28T17:01:14.204555+00:00,0,0JQIpkfKlcg,"{""text"":""Ghost orb""}"
UgyYz-CKliBrRQE--Cd4AaABDqgBhJTJkQI,UC-3fVpoDor2rcvXBjD9t_GA,2022-09-28T16:59:57.501492+00:00,0,0JQIpkfKlcg,"{""text"":""10+ emf hai mortaal ki stream pe dekha mai 😂🌝""}"
Ugy1l0PRltdfFVF7ZxZ4AaABDqgB_fSlgwI,UC-3fVpoDor2rcvXBjD9t_GA,2022-09-28T16:58:45.77669+00:00,0,0JQIpkfKlcg,"{""text"":""@SouL Zeref bhai VANDAL PE FINGERPRINT HAI""}"
Ugy9V97LsYy9cv5-dqV4AaABDqgBg5nwhAI,UC-3fVpoDor2rcvXBjD9t_GA,2022-09-28T16:57:38.314583+00:00,0,0JQIpkfKlcg,"{""text"":""Banshee for sure 😂😂""}"
UgyJeydoU9M0XiYGyEZ4AaABDqgB_OfNkQI,UC-3fVpoDor2rcvXBjD9t_GA,2022-09-28T16:56:29.329033+00:00,0,0JQIpkfKlcg,"{""text"":""ghost writting huyi hai @SouL Zeref""}"
UgwEx6LwnbAQ2H2I0314AaABDqgBv8aDnQI,UC-3fVpoDor2rcvXBjD9t_GA,2022-09-25T19:20:11.587745+00:00,0,WhxcFUMQ43M,"{""text"":""flush karne ke liye dimaag hi nahi hai 😂😂😂😂😂""}"
Ugy-HaK_YP0dZNPJSXZ4AaABDqgBjPTwgAI,UC-3fVpoDor2rcvXBjD9t_GA,2022-09-23T15:32:01.329204+00:00,0,CemdF_QN658,"{""text"":""aya""}"
Ugwzk4X7UQoD6Twxisp4AaABDqgBmpSznQI,UC-3fVpoDor2rcvXBjD9t_GA,2022-09-22T14:58:43.233751+00:00,0,TxGXyLJw8hk,"{""text"":""bit is behind the scenes""}"
UgxAF6HkyGvplTOIjxJ4AaABDqgBltqamQI,UC-3fVpoDor2rcvXBjD9t_GA,2022-09-15T15:13:57.622007+00:00,0,2OzRHmoahus,"{""text"":""aman""}"
Ugz-UUYYVireRMQUz1x4AaABDqgBk4bXnQI,UC-3fVpoDor2rcvXBjD9t_GA,2022-09-10T17:31:18.162153+00:00,0,_l8hsHuJ8IY,"{""text"":""data khatam lol""}"
Ugw7mVfo89yi4eGi7MN4AaABDqgBwo-giQI,UC-3fVpoDor2rcvXBjD9t_GA,2022-09-10T17:27:23.723862+00:00,0,_l8hsHuJ8IY,"{""text"":""vanced Youtube no ads 😂😂😂🌚""}"
UgxdjdLNB9RG_7fpGSF4AaABDqgB67HyjAI,UC-3fVpoDor2rcvXBjD9t_GA,2022-09-09T18:47:58.884834+00:00,0,1o4HIsNLArw,"{""text"":""hi""}"
UgzJDsM8OgptTYhNNu94AaABDqgBg5vymQI,UC-3fVpoDor2rcvXBjD9t_GA,2022-09-08T16:27:15.304918+00:00,0,PPyqcEK90cE,"{""text"":""missing msd era 🥲🥲🥺😣""}"
Ugwi_h-BSg-Qu5f3GVp4AaABDqgBrtCwiQI,UC-3fVpoDor2rcvXBjD9t_GA,2022-09-08T16:25:06.642046+00:00,0,PPyqcEK90cE,"{""text"":""HELLO CS IS BOOOTYFOOL""}"
UgxOBA6oqiz9Mphf0ZV4AaABDqgBqIXWgQI,UC-3fVpoDor2rcvXBjD9t_GA,2022-09-08T16:24:34.91942+00:00,0,PPyqcEK90cE,"{""text"":""🌜🌚🤓✌🏽😁✌🏽💩🥺💙💦😶👓🌟🌚😍😣🥲💩👓😶💢👓😶💩🤣😂😍🌚🌟💦🥊🤫💢👓😶😅""}"
UgzBBYxDGCP9CXr65s14AaABDqgBlNeXlgI,UC-3fVpoDor2rcvXBjD9t_GA,2022-09-05T16:38:16.446564+00:00,0,xTDcTW7mAgo,"{""text"":""lole lag gaye 😂😂🌚""}"
UgwWlRC2LMepd2XwG4x4AaABDqgBp5WjjwI,UC-3fVpoDor2rcvXBjD9t_GA,2022-09-05T16:34:43.365807+00:00,0,xTDcTW7mAgo,"{""text"":""personal expenses toh hai. beyyyyyyyyyyy""}"
UgwmdavBO0LBGgyPcWd4AaABDqgBweGBkgI,UC-3fVpoDor2rcvXBjD9t_GA,2022-09-05T16:33:22.093855+00:00,0,xTDcTW7mAgo,"{""text"":""mix green. tea and energy drink 😂😂""}"
UgxN1ItCl2fptGwS-lV4AaABDqgBxZXDjQI,UC-3fVpoDor2rcvXBjD9t_GA,2022-09-05T16:32:25.162066+00:00,0,xTDcTW7mAgo,"{""text"":""moot""}"
Ugz7B5y4IxJK6Ci1y8Z4AaABDqgBz-KtmwI,UC-3fVpoDor2rcvXBjD9t_GA,2022-09-05T16:31:52.723384+00:00,0,xTDcTW7mAgo,"{""text"":""@Trishaa ok 🌜🚁😶🤓🥲😎😃🕳️🤬🤖😶😘👓😆😣🥺😣🌟🤣💥💥🚁🤣🚁🥲😣🤣✌🏽💥🚁🌚🥲🥺🥊🎙️🤬😶🥊😶🥲🥺🌚🌚🌚🌚🌚🌚🌚🌚🌚🌚🌚🌚🌚🌚🌚🌚🌚🌚🌚🌚🌚🌚🌚🌚🌚🌚🌚🌚🌚🌚🌚🌚🌚🌚🌚🌚🌚🌚🌚🌚🌚🌚🌚🌚🌚🌚🌚🌚🌚🌚🌚""}"
UgyyXso9_En6EnUsy1p4AaABDqgBoPjRnAI,UC-3fVpoDor2rcvXBjD9t_GA,2022-08-27T17:16:30.948074+00:00,0,2tTiHr07Cvo,"{""text"":""chacha is proest of pro💚💙💚💙💚""}"
Ugy5Kja0NEbfmP7xm4F4AaABDqgBzbudkAI,UC-3fVpoDor2rcvXBjD9t_GA,2022-08-19T07:57:43.60479+00:00,0,qEriOOaqOOs,"{""text"":""scout op""}"
UgzztMY6EFSBd6LZUzl4AaABDqgB_8W1hQI,UC-3fVpoDor2rcvXBjD9t_GA,2022-08-18T17:15:07.225033+00:00,0,LmwPLh6_lY8,"{""text"":""katai mamba""}"
Ugxf4T8XtZUB4JyCS2F4AaABDqgBp_CklAI,UC-3fVpoDor2rcvXBjD9t_GA,2022-08-18T15:52:53.11578+00:00,0,LmwPLh6_lY8,"{""text"":""DESCRIPTION OP!!!!!!!""}"
Ugx0suacn2M_cIUUeKp4AaABDqgB_abSggI,UC-3fVpoDor2rcvXBjD9t_GA,2022-08-18T12:42:11.941087+00:00,0,bZrvLFdqTQE,"{""text"":""🚀🚀🚀""}"
Ugx_rhNf65HhWmnTRsR4AaABDqgBnu7QkAI,UC-3fVpoDor2rcvXBjD9t_GA,2022-08-16T14:27:36.134747+00:00,0,bNQ3TGZ20_0,"{""text"":""jodddd""}"
UgwG_eiwCQsJyejpomF4AaABDqgBzv3xjwI,UC-3fVpoDor2rcvXBjD9t_GA,2022-08-16T14:24:55.523193+00:00,0,bNQ3TGZ20_0,"{""text"":""THANKYOU THUG""}"
UgxgRRyBs9XIiwBNphp4AaABDqgByYXvhgI,UC-3fVpoDor2rcvXBjD9t_GA,2022-08-16T14:24:23.861448+00:00,0,bNQ3TGZ20_0,"{""text"":""PRESS 1 FOR MORTAL TO WIN ESPORTS AWARD ❤️❤️❤️❤️❤️❤️❤️""}"
UgybWsePaRTimR0sgU94AaABDqgB95LhjgI,UC-3fVpoDor2rcvXBjD9t_GA,2022-08-16T14:18:23.134477+00:00,0,bNQ3TGZ20_0,"{""text"":""thankyou""}"
UgwbkGSxXq5IWot1f0Z4AaABDqgBitHslgI,UC-3fVpoDor2rcvXBjD9t_GA,2022-08-16T14:09:39.804044+00:00,0,NjyitV3nF0s,"{""text"":""katai mamba. new video""}"
Ugyu75FODx71zUPNpLF4AaABDqgBvpWnmgI,UC-3fVpoDor2rcvXBjD9t_GA,2022-08-16T14:09:07.518566+00:00,0,NjyitV3nF0s,"{""text"":""mamba new video""}"
UgylpIbVQ45cG1J38jR4AaABDqgBpOe2gAI,UC-3fVpoDor2rcvXBjD9t_GA,2022-08-16T07:22:28.174128+00:00,0,2IDt1oHnH7c,"{""text"":""ULTRON TEMPUUUU""}"
Ugy34w6cwqWG7sgHLk54AaABDqgB1Lm1igI,UC-3fVpoDor2rcvXBjD9t_GA,2022-08-16T07:21:11.337877+00:00,0,2IDt1oHnH7c,"{""text"":""ultron tempu""}"
UgyZ-UpcfwCqv7aYZmN4AaABDqgB8ejLkQI,UC-3fVpoDor2rcvXBjD9t_GA,2022-08-15T19:14:01.352195+00:00,0,zxLx3jJjNu4,"{""text"":""getting ove it""}"
UgxlEimq8cWN_FuJZvZ4AaABDqgByvm2jgI,UC-3fVpoDor2rcvXBjD9t_GA,2022-08-15T17:14:19.587522+00:00,0,zxLx3jJjNu4,"{""text"":""k18""}"
Ugweee-f0Upkliu7LNV4AaABDqgB4JLVlAI,UC-3fVpoDor2rcvXBjD9t_GA,2022-08-15T17:10:24.517153+00:00,0,zxLx3jJjNu4,"{""text"":""jorrrdddddddddd""}"
UgxLP7DpuxAkxVjvt8B4AaABDqgB87DylgI,UC-3fVpoDor2rcvXBjD9t_GA,2022-08-10T17:45:50.346474+00:00,0,wGx20PP6Sts,"{""text"":""@dark devil btw means bro tera walker""}"
UgwJVPgfBQK1DwtbtzN4AaABDqgB3vuViQI,UC-3fVpoDor2rcvXBjD9t_GA,2022-07-30T15:01:22.777393+00:00,0,mzzrGFJz8jw,"{""text"":""shoulder cam off croww""}"
Ugy6cFtNl9Ijvcd5_nB4AaABDqgBhPzigQI,UC-3fVpoDor2rcvXBjD9t_GA,2022-07-24T13:03:38.638976+00:00,0,TKRbsoddoMg,"{""text"":""nt""}"
Ugy7x_yALeKmoc0EqNB4AaABDqgB0JGvlgI,UC-3fVpoDor2rcvXBjD9t_GA,2022-07-24T12:59:28.819695+00:00,0,TKRbsoddoMg,"{""text"":""@ERROR gaming ❤️day soul pmwi jayegi teri fvrt team jayegi kya 😂😂😂😂""}"
UgzGnBwgxeJ4Kb3aylJ4AaABDqgB78vlnwI,UC-3fVpoDor2rcvXBjD9t_GA,2022-07-24T12:58:37.656739+00:00,0,TKRbsoddoMg,"{""text"":""lala recall kar 😂😂😂😂""}"
Ugy208kvkTjGbgAQ9qt4AaABDqgBoMyOlQI,UC-3fVpoDor2rcvXBjD9t_GA,2022-07-24T12:57:05.460001+00:00,0,TKRbsoddoMg,"{""text"":""LFGO""}"
Ugzec0FHKHS0GQSfdSd4AaABDqgB0KqCjAI,UC-3fVpoDor2rcvXBjD9t_GA,2022-07-24T12:56:54.451468+00:00,0,TKRbsoddoMg,"{""text"":""kall ana chotus""}"
UgxOO0sUt4rkv72HOxx4AaABDqgBxcyImAI,UC-3fVpoDor2rcvXBjD9t_GA,2022-07-24T12:56:46.023153+00:00,0,TKRbsoddoMg,"{""text"":""😂😂😂😂😂😂😂😂😂😂""}"
UgwcDNG_IpaVUtjo_314AaABDqgB7v25gQI,UC-3fVpoDor2rcvXBjD9t_GA,2022-07-24T12:55:42.220844+00:00,0,TKRbsoddoMg,"{""text"":""🚀🚀🚀🚀🚀😂😂😂😂😂😂😂😂😂😂😂😂🚁""}"
Ugz3GzXkg3TCZYs4DbR4AaABDqgB2uL2hQI,UC-3fVpoDor2rcvXBjD9t_GA,2022-07-24T12:55:34.534765+00:00,0,TKRbsoddoMg,"{""text"":""🤫🤫🤫🤫""}"
UgylD4k0N4_PEL39XHx4AaABDqgBrbXvgQI,UC-3fVpoDor2rcvXBjD9t_GA,2022-07-24T12:42:32.46387+00:00,0,TKRbsoddoMg,"{""text"":""press 1 if soul win this trophy""}"
UgznW451dp5aiPoT4wl4AaABDqgBubrAjAI,UC-3fVpoDor2rcvXBjD9t_GA,2022-07-24T12:42:05.305155+00:00,0,TKRbsoddoMg,"{""text"":""9""}"
UgyCoIOU1G5V8bipm5B4AaABDqgBsIyEngI,UC-3fVpoDor2rcvXBjD9t_GA,2022-07-24T12:42:02.931567+00:00,0,TKRbsoddoMg,"{""text"":""9""}"
Ugxx3Wqom1CzjoBjg2R4AaABDqgBlZ_4iAI,UC-3fVpoDor2rcvXBjD9t_GA,2022-07-24T12:41:58.905656+00:00,0,TKRbsoddoMg,"{""text"":""9""}"
UgyZrHNeA_Pu23NznvN4AaABDqgB4vzigQI,UC-3fVpoDor2rcvXBjD9t_GA,2022-07-24T12:41:33.48438+00:00,0,TKRbsoddoMg,"{""text"":""jmd🚀🚀🚀🚀🚀🚀🚀🚀🚀🚀🚀🚀🚀🚀🚀🚀🚀🚀🚀🚀🚀🚀🚀🚀🚀""}"
UgwRcc06yweR8OHSS5l4AaABDqgBrf_fkAI,UC-3fVpoDor2rcvXBjD9t_GA,2022-07-24T12:26:43.281972+00:00,0,TKRbsoddoMg,"{""text"":""🚀🚀🚀🚀🚀🚀🤫""}"
UgzRBEKhItSL_YqPMpt4AaABDqgB5Mj2lgI,UC-3fVpoDor2rcvXBjD9t_GA,2022-07-24T12:23:29.913287+00:00,0,TKRbsoddoMg,"{""text"":""🚀🚀🚀🚀🚀🚀🚀""}"
UgwyniqohX3690sjdWd4AaABDqgBy_yQmgI,UC-3fVpoDor2rcvXBjD9t_GA,2022-07-17T13:21:54.732915+00:00,0,1qyS5wgAbZg,"{""text"":""doglike""}"
Ugxu3TZJI567xM4zWj94AaABDqgBr-C-iAI,UC-3fVpoDor2rcvXBjD9t_GA,2022-07-11T11:35:23.986811+00:00,0,9dD1cdmSKV8,"{""text"":""💩💩💩💩💩💩💩💩💩💩💩💩💩💩💩💩💩💩💩💩💩💩💩💩💩💩💩💩💩💩💩💩💩💩""}"
UgyIKV5BF4VrxG6Y94V4AaABDqgB0_jWnQI,UC-3fVpoDor2rcvXBjD9t_GA,2022-07-11T11:32:58.716249+00:00,0,9dD1cdmSKV8,"{""text"":""lol if nothing happens 😆😆😆😆""}"
UgxayVlmKL6SSMCtzEJ4AaABDqgB89CpiAI,UC-3fVpoDor2rcvXBjD9t_GA,2022-06-18T02:31:58.244803+00:00,0,m4EsG898p6Y,"{""text"":""if this works i will subscribe""}"
UgxOI1sPThr8BIsIqO54AaABDqgBqr6ynQI,UC-3fVpoDor2rcvXBjD9t_GA,2022-06-04T11:12:40.873073+00:00,0,Dwibj3Gbyo4,"{""text"":""infinite mb left vpn op""}"
UgxL_Jxo-draSlZhjLd4AaABDqgBp6HHhwI,UC-3fVpoDor2rcvXBjD9t_GA,2022-06-04T07:14:52.370498+00:00,0,9K3zF3-kC7w,"{""text"":""impduuuuuuu""}"
Ugxq637LDUBYIGWpLG14AaABDqgBpceChgI,UC-3fVpoDor2rcvXBjD9t_GA,2022-05-26T08:15:58.676814+00:00,0,4-iwuPPejI8,"{""text"":""xr do baar""}"
UgyTp0bEnTREHVgcj9p4AaABDqgBtrKOlAI,UC-3fVpoDor2rcvXBjD9t_GA,2022-05-25T14:33:21.023612+00:00,0,IMU4Pxw_hkc,"{""text"":""🚀🚀🚀🚀🚀🚀""}"
UgygCdUe2ZgLqQbrh1N4AaABDqgBxfivhQI,UC-3fVpoDor2rcvXBjD9t_GA,2022-05-19T17:05:04.355565+00:00,0,SR-vso4uHls,"{""text"":""1 if goblin take 100+ finish tomorrow""}"
UgyFlukPRDyAvYOQxwt4AaABDqgB6JioiQI,UC-3fVpoDor2rcvXBjD9t_GA,2022-05-19T17:04:42.724404+00:00,0,SR-vso4uHls,"{""text"":""sid want trophy""}"
UgxoI5J1pqxc-SorDY54AaABDqgBl6bLlAI,UC-3fVpoDor2rcvXBjD9t_GA,2022-05-19T17:04:12.057279+00:00,0,SR-vso4uHls,"{""text"":""sid want trophy""}"
Ugz9lVyXQiWS8Sf4U0V4AaABDqgBjpr6nAI,UC-3fVpoDor2rcvXBjD9t_GA,2022-05-19T17:03:30.505416+00:00,0,SR-vso4uHls,"{""text"":""press 1 if want that Goblin take 100+ finish in bmps""}"
UgzWsIxwuTpcrJdVclF4AaABDqgBoKTvjwI,UC-3fVpoDor2rcvXBjD9t_GA,2022-05-19T17:02:59.095924+00:00,0,SR-vso4uHls,"{""text"":""pree""}"
UgyAnqkc3lI1vDcW63l4AaABDqgBhKjvlgI,UC-3fVpoDor2rcvXBjD9t_GA,2022-05-19T17:02:52.020379+00:00,0,SR-vso4uHls,"{""text"":""sid wants trophy""}"
UgzneRdC5IkXwsgwPXp4AaABDqgB88XckwI,UC-3fVpoDor2rcvXBjD9t_GA,2022-05-19T17:02:32.54411+00:00,0,SR-vso4uHls,"{""text"":""anl""}"
UgzXishCcHNELjiEIxh4AaABDqgBn6LolAI,UC-3fVpoDor2rcvXBjD9t_GA,2022-05-19T17:02:21.349352+00:00,0,SR-vso4uHls,"{""text"":""anl""}"
UgyFdTPCNXOAHOP5nRx4AaABDqgBg9_GgwI,UC-3fVpoDor2rcvXBjD9t_GA,2022-05-12T18:12:06.422884+00:00,0,koKngEVDStU,"{""text"":""BOOBLIN OP""}"
UgzMSRp_4WLcrl0e7bB4AaABDqgBsMWyjwI,UC-3fVpoDor2rcvXBjD9t_GA,2022-05-12T18:07:44.802206+00:00,0,koKngEVDStU,"{""text"":""booblin op""}"
Ugy40KEMWvfXZirJIMR4AaABDqgBofzkmAI,UC-3fVpoDor2rcvXBjD9t_GA,2022-05-12T17:59:06.78735+00:00,0,E6_y5eJxvYU,"{""text"":""sensie chomu""}"
Ugzn3OmW8hyO5DKNsn14AaABDqgBxLzujwI,UC-3fVpoDor2rcvXBjD9t_GA,2022-05-12T17:27:44.370632+00:00,0,koKngEVDStU,"{""text"":""end aadi""}"
UgwaTYoOeyfBRuG6BCB4AaABDqgBx_vokAI,UC-3fVpoDor2rcvXBjD9t_GA,2022-05-12T09:33:32.913242+00:00,0,7vxfJzipfEg,"{""text"":""hilati toh voh thi""}"
UgwqTtg9SV7mgsMDElN4AaABDqgBy-mVngI,UC-3fVpoDor2rcvXBjD9t_GA,2022-05-08T15:54:00.34159+00:00,0,fpRtUSbRpBY,"{""text"":""Jod""}"
Ugz4cPDfdbCtaO3l7bN4AaABDqgBpq-_lQI,UC-3fVpoDor2rcvXBjD9t_GA,2022-05-05T15:08:19.220143+00:00,0,ryvT43N2he0,"{""text"":""400k for sid""}"
UgyO6fB-XSZPVYMfYSB4AaABDqgB4ZbOgQI,UC-3fVpoDor2rcvXBjD9t_GA,2022-05-05T15:06:05.214278+00:00,0,ryvT43N2he0,"{""text"":""aapka stamina kam hai""}"
UgzC0AKfNEk8DtZ0x5p4AaABDqgB76DBhgI,UC-3fVpoDor2rcvXBjD9t_GA,2022-05-05T15:00:17.386817+00:00,0,ryvT43N2he0,"{""text"":""ping""}"
UgxZyWs7QrSoBS_1cn94AaABDqgB79ibkwI,UC-3fVpoDor2rcvXBjD9t_GA,2022-04-27T05:42:09.314873+00:00,0,LsyQuvDztfs,"{""text"":""jaa naa lode""}"
UgwZv8ikYJwtLc08dKt4AaABDqgBgvuKiwI,UC-3fVpoDor2rcvXBjD9t_GA,2022-04-27T05:41:33.757125+00:00,0,LsyQuvDztfs,"{""text"":""jnl""}"
Ugy2M9incVIPVV3hnwx4AaABDqgBxc7HkQI,UC-3fVpoDor2rcvXBjD9t_GA,2022-04-18T12:28:43.112199+00:00,0,OyQ_6mndjfU,"{""text"":""gyro God handcam""}"
Ugw84xv1mfOoDCVAzwF4AaABDqgBzsqLmQI,UC-3fVpoDor2rcvXBjD9t_GA,2022-04-17T15:43:16.062098+00:00,0,sOaYc9CgSRg,"{""text"":""🥺🥺🥺""}"
Ugz6ZDAM1iHLM4ySiIJ4AaABDqgBlbbFmAI,UC-3fVpoDor2rcvXBjD9t_GA,2022-04-17T15:42:31.218052+00:00,0,sOaYc9CgSRg,"{""text"":""🚀🚀🚀🚀🚀🚀🥺""}"
Ugym-0XXVRrWGUyqQ454AaABDqgByuXTlwI,UC-3fVpoDor2rcvXBjD9t_GA,2022-04-17T15:23:18.563771+00:00,0,sOaYc9CgSRg,"{""text"":"""",""emoji"":{""customEmojiUrl"":""https://yt3.googleusercontent.com/PxvFTxvq4NLZ6gQrBI7uMEmSQVifeFz_asgom66UR2049TxUBIB1qrd5Zw2t3ZOjU2bEE97v3Tk""}},{""text"":"""",""emoji"":{""customEmojiUrl"":""https://yt3.googleusercontent.com/PxvFTxvq4NLZ6gQrBI7uMEmSQVifeFz_asgom66UR2049TxUBIB1qrd5Zw2t3ZOjU2bEE97v3Tk""}},{""text"":"""",""emoji"":{""customEmojiUrl"":""https://yt3.googleusercontent.com/PxvFTxvq4NLZ6gQrBI7uMEmSQVifeFz_asgom66UR2049TxUBIB1qrd5Zw2t3ZOjU2bEE97v3Tk""}}"
UgzTDBM7LU8bfkH8FlV4AaABDqgB5Mq_gAI,UC-3fVpoDor2rcvXBjD9t_GA,2022-04-14T11:41:28.69396+00:00,0,G6lvEpqxjXk,"{""text"":"""",""emoji"":{""customEmojiUrl"":""https://yt3.googleusercontent.com/PxvFTxvq4NLZ6gQrBI7uMEmSQVifeFz_asgom66UR2049TxUBIB1qrd5Zw2t3ZOjU2bEE97v3Tk""}},{""text"":"""",""emoji"":{""customEmojiUrl"":""https://yt3.googleusercontent.com/PxvFTxvq4NLZ6gQrBI7uMEmSQVifeFz_asgom66UR2049TxUBIB1qrd5Zw2t3ZOjU2bEE97v3Tk""}},{""text"":"""",""emoji"":{""customEmojiUrl"":""https://yt3.googleusercontent.com/PxvFTxvq4NLZ6gQrBI7uMEmSQVifeFz_asgom66UR2049TxUBIB1qrd5Zw2t3ZOjU2bEE97v3Tk""}},{""text"":"""",""emoji"":{""customEmojiUrl"":""https://yt3.googleusercontent.com/PxvFTxvq4NLZ6gQrBI7uMEmSQVifeFz_asgom66UR2049TxUBIB1qrd5Zw2t3ZOjU2bEE97v3Tk""}}"
UgyMrrL1AlnZbpy8Irl4AaABDqgBw7aQhQI,UC-3fVpoDor2rcvXBjD9t_GA,2022-04-14T11:33:25.32936+00:00,0,SoSrKrPp7Hg,"{""text"":""milk toh sid bhai. ke pass hai""}"
UgyBHtH975_kfEotSmN4AaABDqgBicLDlwI,UC-3fVpoDor2rcvXBjD9t_GA,2022-04-14T11:17:27.476684+00:00,0,SoSrKrPp7Hg,"{""text"":"""",""emoji"":{""customEmojiUrl"":""https://yt3.googleusercontent.com/PxvFTxvq4NLZ6gQrBI7uMEmSQVifeFz_asgom66UR2049TxUBIB1qrd5Zw2t3ZOjU2bEE97v3Tk""}},{""text"":"""",""emoji"":{""customEmojiUrl"":""https://yt3.googleusercontent.com/PxvFTxvq4NLZ6gQrBI7uMEmSQVifeFz_asgom66UR2049TxUBIB1qrd5Zw2t3ZOjU2bEE97v3Tk""}},{""text"":"""",""emoji"":{""customEmojiUrl"":""https://yt3.googleusercontent.com/PxvFTxvq4NLZ6gQrBI7uMEmSQVifeFz_asgom66UR2049TxUBIB1qrd5Zw2t3ZOjU2bEE97v3Tk""}}"
UgxZI-Y0jZSdRyfMLCh4AaABDqgBwO_fkQI,UC-3fVpoDor2rcvXBjD9t_GA,2022-04-14T11:17:20.760203+00:00,0,SoSrKrPp7Hg,"{""text"":""offfffffffffff""}"
UgycetGKURZC3v1nJtN4AaABDqgBk5rInwI,UC-3fVpoDor2rcvXBjD9t_GA,2022-04-13T08:50:43.313147+00:00,0,nPWOsryK1f8,"{""text"":""sovan joddddddd 😀""}"
Ugx8f4b0AJpgyCAfab54AaABDqgB-96OiQI,UC-3fVpoDor2rcvXBjD9t_GA,2022-04-10T13:08:40.95783+00:00,0,7napWecBaSQ,"{""text"":""qa""}"
UgzuBKYHugST3t59MXl4AaABDqgB0bqHlQI,UC-3fVpoDor2rcvXBjD9t_GA,2022-04-10T12:34:49.21317+00:00,0,GlAvJcJy4Zg,"{""text"":""mortAl op""}"
UgxRETKAmem0K5ZrHPJ4AaABDqgB7ObjnwI,UC-3fVpoDor2rcvXBjD9t_GA,2022-04-10T12:32:55.463594+00:00,0,GlAvJcJy4Zg,"{""text"":""mortAl""}"
Ugw5KvSy6xYxPtcZGpt4AaABDqgBzd-giAI,UC-3fVpoDor2rcvXBjD9t_GA,2022-04-10T12:20:36.017721+00:00,0,7napWecBaSQ,"{""text"":""s8ul ke channel pe new Nahin Ayi @SouL Aman""}"
UgwVQqWhqBow8W89py94AaABDqgB7unmhQI,UC-3fVpoDor2rcvXBjD9t_GA,2022-04-10T09:05:54.539904+00:00,0,SqVHycKUJp8,"{""text"":""sweet 70""}"
UgzOrrARdphhphkPcAZ4AaABDqgBn628mAI,UC-3fVpoDor2rcvXBjD9t_GA,2022-04-10T08:58:41.759326+00:00,0,SqVHycKUJp8,"{""text"":""mcd wla rega""}"
UgwpkqS_q6iimnuVfFF4AaABDqgBifK5kQI,UC-3fVpoDor2rcvXBjD9t_GA,2022-04-09T16:48:50.190827+00:00,0,D9vJqkeGyXM,"{""text"":""Aa""}"
Ugyp1glPcVyMreMVv9R4AaABDqgB9d3ymgI,UC-3fVpoDor2rcvXBjD9t_GA,2022-04-09T12:07:12.049005+00:00,0,AGBgsRhsibY,"{""text"":""jodly bhai op""}"
Ugy5G3wNVZa0CJTXBj54AaABDqgBnv2IiAI,UC-3fVpoDor2rcvXBjD9t_GA,2022-04-09T12:06:12.694961+00:00,0,AGBgsRhsibY,"{""text"":""hakurrrrrr""}"





